--
-- PostgreSQL database dump
--

\restrict aNUITZQLoj7ktYeKhPB6t9bXMZWnG8LeSXCNxBgR4M5vVo6742gsvLUUV5McyNW

-- Dumped from database version 18.1 (Debian 18.1-1.pgdg12+2)
-- Dumped by pg_dump version 18.1 (Debian 18.1-1.pgdg12+2)

SET statement_timeout = 0;
SET lock_timeout = 0;
SET idle_in_transaction_session_timeout = 0;
SET transaction_timeout = 0;
SET client_encoding = 'UTF8';
SET standard_conforming_strings = on;
SELECT pg_catalog.set_config('search_path', '', false);
SET check_function_bodies = false;
SET xmloption = content;
SET client_min_messages = warning;
SET row_security = off;

--
-- Data for Name: admin_user; Type: TABLE DATA; Schema: public; Owner: -
--

INSERT INTO public.admin_user (id, email, password_hash, name, role, is_active, last_login_at, created_at, updated_at) VALUES (1, 'admin@example.com', '$2b$10$JtVYaKT8euq79AU33yTzTe1jP9qOislnB9apC87pjkcjjk570jsqy', 'Super Admin', 'super_admin', true, NULL, '2025-12-01 16:52:31.316006+00', '2025-12-01 16:52:31.316006+00');
INSERT INTO public.admin_user (id, email, password_hash, name, role, is_active, last_login_at, created_at, updated_at) VALUES (2, 'editor@example.com', '$2b$10$JtVYaKT8euq79AU33yTzTe1jP9qOislnB9apC87pjkcjjk570jsqy', 'Content Editor', 'editor', true, NULL, '2025-12-01 16:52:31.316006+00', '2025-12-01 16:52:31.316006+00');
INSERT INTO public.admin_user (id, email, password_hash, name, role, is_active, last_login_at, created_at, updated_at) VALUES (3, 'uploader@example.com', '$2b$10$JtVYaKT8euq79AU33yTzTe1jP9qOislnB9apC87pjkcjjk570jsqy', 'Media Uploader', 'uploader', true, NULL, '2025-12-01 16:52:31.316006+00', '2025-12-01 16:52:31.316006+00');


--
-- Data for Name: media_asset; Type: TABLE DATA; Schema: public; Owner: -
--



--
-- Data for Name: church; Type: TABLE DATA; Schema: public; Owner: -
--

INSERT INTO public.church (id, name, slug, description, address, city, state, country, postal_code, latitude, longitude, phone, email, website, logo_asset, cover_asset, timezone, is_active, member_count, created_at, updated_at) VALUES (4, 'Ebenezer SDA Church', 'ebenezer-bulawayo', 'Ebenezer Seventh-day Adventist Church. Pastor: S Oliphant', '25 Kirkland Rd, Greenhill', 'Bulawayo', NULL, 'Zimbabwe', NULL, NULL, NULL, NULL, NULL, NULL, NULL, NULL, 'Africa/Harare', true, 1, '2025-12-01 16:52:31.360482+00', '2025-12-01 16:52:31.360482+00');
INSERT INTO public.church (id, name, slug, description, address, city, state, country, postal_code, latitude, longitude, phone, email, website, logo_asset, cover_asset, timezone, is_active, member_count, created_at, updated_at) VALUES (5, 'Bethel SDA Church', 'bethel-zvishavane', 'Bethel Seventh-day Adventist Church. Pastor: D Hall', 'Stand 1431, Drinkwater Ave', 'Zvishavane', NULL, 'Zimbabwe', NULL, NULL, NULL, NULL, NULL, NULL, NULL, NULL, 'Africa/Harare', true, 1, '2025-12-01 16:52:31.360482+00', '2025-12-01 16:52:31.360482+00');
INSERT INTO public.church (id, name, slug, description, address, city, state, country, postal_code, latitude, longitude, phone, email, website, logo_asset, cover_asset, timezone, is_active, member_count, created_at, updated_at) VALUES (6, 'Maranatha SDA Church', 'maranatha-shurugwi', 'Maranatha Seventh-day Adventist Church. Pastor: S Jerias', '399 Musgrave Rd', 'Shurugwi', NULL, 'Zimbabwe', NULL, NULL, NULL, NULL, NULL, NULL, NULL, NULL, 'Africa/Harare', true, 1, '2025-12-01 16:52:31.360482+00', '2025-12-01 16:52:31.360482+00');
INSERT INTO public.church (id, name, slug, description, address, city, state, country, postal_code, latitude, longitude, phone, email, website, logo_asset, cover_asset, timezone, is_active, member_count, created_at, updated_at) VALUES (7, 'Mount of Olives SDA Church', 'mount-of-olives-zvishavane', 'Mount of Olives Seventh-day Adventist Church. Pastor: E Z Mukubwa', 'Cheshire Ranch', 'Zvishavane', NULL, 'Zimbabwe', NULL, NULL, NULL, NULL, NULL, NULL, NULL, NULL, 'Africa/Harare', true, 1, '2025-12-01 16:52:31.360482+00', '2025-12-01 16:52:31.360482+00');
INSERT INTO public.church (id, name, slug, description, address, city, state, country, postal_code, latitude, longitude, phone, email, website, logo_asset, cover_asset, timezone, is_active, member_count, created_at, updated_at) VALUES (8, 'Mutare City Centre SDA Church', 'mutare-city-centre', 'Mutare City Centre Seventh-day Adventist Church', '77 First St', 'Mutare', NULL, 'Zimbabwe', NULL, NULL, NULL, NULL, NULL, NULL, NULL, NULL, 'Africa/Harare', true, 0, '2025-12-01 16:52:31.360482+00', '2025-12-01 16:52:31.360482+00');
INSERT INTO public.church (id, name, slug, description, address, city, state, country, postal_code, latitude, longitude, phone, email, website, logo_asset, cover_asset, timezone, is_active, member_count, created_at, updated_at) VALUES (9, 'Ray of Light SDA Church', 'ray-of-light-harare', 'Ray of Light Seventh-day Adventist Church. Pastor: John Connick', '3 Jessop Rd, Cranborne', 'Harare', NULL, 'Zimbabwe', NULL, NULL, NULL, NULL, NULL, NULL, NULL, NULL, 'Africa/Harare', true, 1, '2025-12-01 16:52:31.360482+00', '2025-12-01 16:52:31.360482+00');
INSERT INTO public.church (id, name, slug, description, address, city, state, country, postal_code, latitude, longitude, phone, email, website, logo_asset, cover_asset, timezone, is_active, member_count, created_at, updated_at) VALUES (10, 'Remnant SDA Church', 'remnant-gweru', 'Remnant Seventh-day Adventist Church. Pastor: S Jerias', '8 Boundary Rd, Clonsilla', 'Gweru', NULL, 'Zimbabwe', NULL, NULL, NULL, NULL, NULL, NULL, NULL, NULL, 'Africa/Harare', true, 1, '2025-12-01 16:52:31.360482+00', '2025-12-01 16:52:31.360482+00');
INSERT INTO public.church (id, name, slug, description, address, city, state, country, postal_code, latitude, longitude, phone, email, website, logo_asset, cover_asset, timezone, is_active, member_count, created_at, updated_at) VALUES (11, 'Thorngrove SDA Church', 'thorngrove-bulawayo', 'Thorngrove Seventh-day Adventist Church. Pastor: S Oliphant', '18 Woolwich Rd, Thorngrove', 'Bulawayo', NULL, 'Zimbabwe', NULL, NULL, NULL, NULL, NULL, NULL, NULL, NULL, 'Africa/Harare', true, 1, '2025-12-01 16:52:31.360482+00', '2025-12-01 16:52:31.360482+00');


--
-- Data for Name: app_user; Type: TABLE DATA; Schema: public; Owner: -
--

INSERT INTO public.app_user (id, email, name, phone, avatar_asset, primary_church_id, is_active, created_at, updated_at, password_hash, first_name, last_name) VALUES (1, 'pastor.oliphant@ska.org.zw', 'Pastor S Oliphant', NULL, NULL, 4, true, '2025-12-01 16:52:31.360482+00', '2025-12-01 16:52:31.360482+00', NULL, NULL, NULL);
INSERT INTO public.app_user (id, email, name, phone, avatar_asset, primary_church_id, is_active, created_at, updated_at, password_hash, first_name, last_name) VALUES (2, 'pastor.hall@ska.org.zw', 'Pastor D Hall', NULL, NULL, 5, true, '2025-12-01 16:52:31.360482+00', '2025-12-01 16:52:31.360482+00', NULL, NULL, NULL);
INSERT INTO public.app_user (id, email, name, phone, avatar_asset, primary_church_id, is_active, created_at, updated_at, password_hash, first_name, last_name) VALUES (3, 'pastor.jerias@ska.org.zw', 'Pastor S Jerias', NULL, NULL, 6, true, '2025-12-01 16:52:31.360482+00', '2025-12-01 16:52:31.360482+00', NULL, NULL, NULL);
INSERT INTO public.app_user (id, email, name, phone, avatar_asset, primary_church_id, is_active, created_at, updated_at, password_hash, first_name, last_name) VALUES (4, 'pastor.mukubwa@ska.org.zw', 'Pastor E Z Mukubwa', NULL, NULL, 7, true, '2025-12-01 16:52:31.360482+00', '2025-12-01 16:52:31.360482+00', NULL, NULL, NULL);
INSERT INTO public.app_user (id, email, name, phone, avatar_asset, primary_church_id, is_active, created_at, updated_at, password_hash, first_name, last_name) VALUES (5, 'pastor.connick@ska.org.zw', 'Pastor John Connick', NULL, NULL, 9, true, '2025-12-01 16:52:31.360482+00', '2025-12-01 16:52:31.360482+00', NULL, NULL, NULL);
INSERT INTO public.app_user (id, email, name, phone, avatar_asset, primary_church_id, is_active, created_at, updated_at, password_hash, first_name, last_name) VALUES (6, 'pastor.david.lee.4@ska.org.zw', 'Pastor David Lee', NULL, NULL, NULL, true, '2025-12-01 16:52:31.365528+00', '2025-12-01 16:52:31.365528+00', NULL, NULL, NULL);
INSERT INTO public.app_user (id, email, name, phone, avatar_asset, primary_church_id, is_active, created_at, updated_at, password_hash, first_name, last_name) VALUES (7, 'elder.michael.brown.3@ska.org.zw', 'Elder Michael Brown', NULL, NULL, NULL, true, '2025-12-01 16:52:31.365528+00', '2025-12-01 16:52:31.365528+00', NULL, NULL, NULL);
INSERT INTO public.app_user (id, email, name, phone, avatar_asset, primary_church_id, is_active, created_at, updated_at, password_hash, first_name, last_name) VALUES (8, 'dr..emily.chen.5@ska.org.zw', 'Dr. Emily Chen', NULL, NULL, NULL, true, '2025-12-01 16:52:31.365528+00', '2025-12-01 16:52:31.365528+00', NULL, NULL, NULL);
INSERT INTO public.app_user (id, email, name, phone, avatar_asset, primary_church_id, is_active, created_at, updated_at, password_hash, first_name, last_name) VALUES (9, 'pastor.john.smith.1@ska.org.zw', 'Pastor John Smith', NULL, NULL, NULL, true, '2025-12-01 16:52:31.365528+00', '2025-12-01 16:52:31.365528+00', NULL, NULL, NULL);
INSERT INTO public.app_user (id, email, name, phone, avatar_asset, primary_church_id, is_active, created_at, updated_at, password_hash, first_name, last_name) VALUES (10, 'dr..sarah.johnson.2@ska.org.zw', 'Dr. Sarah Johnson', NULL, NULL, NULL, true, '2025-12-01 16:52:31.365528+00', '2025-12-01 16:52:31.365528+00', NULL, NULL, NULL);


--
-- Data for Name: audit_log; Type: TABLE DATA; Schema: public; Owner: -
--



--
-- Data for Name: cause; Type: TABLE DATA; Schema: public; Owner: -
--



--
-- Data for Name: church_announcement; Type: TABLE DATA; Schema: public; Owner: -
--

INSERT INTO public.church_announcement (id, church_id, title, content, priority, expires_at, is_published, created_by, created_at, updated_at) VALUES (1, 4, 'Sabbath Service Time Change', 'Please note that this Sabbath, our worship service will start at 10:00 AM instead of the usual 9:30 AM due to a special program.', 'urgent', '2025-12-08 00:00:00+00', true, 1, '2025-12-01 16:52:31.375901+00', '2025-12-01 16:52:31.375901+00');
INSERT INTO public.church_announcement (id, church_id, title, content, priority, expires_at, is_published, created_by, created_at, updated_at) VALUES (2, 4, 'Baptism Class Starting', 'Baptism preparation classes will begin next month. If you or someone you know is interested in baptism, please contact Pastor Oliphant.', 'high', '2025-12-31 00:00:00+00', true, 1, '2025-12-01 16:52:31.375901+00', '2025-12-01 16:52:31.375901+00');
INSERT INTO public.church_announcement (id, church_id, title, content, priority, expires_at, is_published, created_by, created_at, updated_at) VALUES (3, 4, 'Church Potluck Fellowship', 'Join us for a fellowship potluck after the service this Sabbath. Please bring a dish to share. All are welcome!', 'normal', '2025-12-08 00:00:00+00', true, 1, '2025-12-01 16:52:31.375901+00', '2025-12-01 16:52:31.375901+00');
INSERT INTO public.church_announcement (id, church_id, title, content, priority, expires_at, is_published, created_by, created_at, updated_at) VALUES (4, 4, 'Weekly Bulletin Available', 'The weekly church bulletin is now available at the entrance. Pick up your copy to stay informed about church activities.', 'low', '2025-12-08 00:00:00+00', true, 1, '2025-12-01 16:52:31.375901+00', '2025-12-01 16:52:31.375901+00');


--
-- Data for Name: church_devotional; Type: TABLE DATA; Schema: public; Owner: -
--



--
-- Data for Name: speaker; Type: TABLE DATA; Schema: public; Owner: -
--

INSERT INTO public.speaker (id, name, bio, photo_asset, created_at, updated_at, user_id, is_guest, guest_church_name, guest_church_location, contact_email, contact_phone) VALUES (4, 'Pastor David Lee', 'Evangelist and church planter. Known for powerful sermons on grace and redemption.', NULL, '2025-12-01 16:52:31.316006+00', '2025-12-01 16:52:31.365528+00', 6, false, NULL, NULL, NULL, NULL);
INSERT INTO public.speaker (id, name, bio, photo_asset, created_at, updated_at, user_id, is_guest, guest_church_name, guest_church_location, contact_email, contact_phone) VALUES (3, 'Elder Michael Brown', 'Youth ministry leader and inspirational speaker. Dedicated to engaging the next generation.', NULL, '2025-12-01 16:52:31.316006+00', '2025-12-01 16:52:31.365528+00', 7, false, NULL, NULL, NULL, NULL);
INSERT INTO public.speaker (id, name, bio, photo_asset, created_at, updated_at, user_id, is_guest, guest_church_name, guest_church_location, contact_email, contact_phone) VALUES (5, 'Dr. Emily Chen', 'Professor of theology. Expert in New Testament studies and practical Christian living.', NULL, '2025-12-01 16:52:31.316006+00', '2025-12-01 16:52:31.365528+00', 8, false, NULL, NULL, NULL, NULL);
INSERT INTO public.speaker (id, name, bio, photo_asset, created_at, updated_at, user_id, is_guest, guest_church_name, guest_church_location, contact_email, contact_phone) VALUES (1, 'Pastor John Smith', 'Senior pastor with 20 years of ministry experience. Passionate about biblical teaching and community outreach.', NULL, '2025-12-01 16:52:31.316006+00', '2025-12-01 16:52:31.365528+00', 9, false, NULL, NULL, NULL, NULL);
INSERT INTO public.speaker (id, name, bio, photo_asset, created_at, updated_at, user_id, is_guest, guest_church_name, guest_church_location, contact_email, contact_phone) VALUES (2, 'Dr. Sarah Johnson', 'Bible scholar and theologian. Specializes in prophetic studies and Old Testament history.', NULL, '2025-12-01 16:52:31.316006+00', '2025-12-01 16:52:31.365528+00', 10, false, NULL, NULL, NULL, NULL);
INSERT INTO public.speaker (id, name, bio, photo_asset, created_at, updated_at, user_id, is_guest, guest_church_name, guest_church_location, contact_email, contact_phone) VALUES (6, 'Pastor S Oliphant', 'Church leader at Thorngrove SDA Church', NULL, '2025-12-01 16:52:31.365528+00', '2025-12-01 16:52:31.365528+00', 1, false, NULL, NULL, NULL, NULL);
INSERT INTO public.speaker (id, name, bio, photo_asset, created_at, updated_at, user_id, is_guest, guest_church_name, guest_church_location, contact_email, contact_phone) VALUES (7, 'Pastor S Oliphant', 'Church leader at Ebenezer SDA Church', NULL, '2025-12-01 16:52:31.365528+00', '2025-12-01 16:52:31.365528+00', 1, false, NULL, NULL, NULL, NULL);
INSERT INTO public.speaker (id, name, bio, photo_asset, created_at, updated_at, user_id, is_guest, guest_church_name, guest_church_location, contact_email, contact_phone) VALUES (8, 'Pastor D Hall', 'Church leader at Bethel SDA Church', NULL, '2025-12-01 16:52:31.365528+00', '2025-12-01 16:52:31.365528+00', 2, false, NULL, NULL, NULL, NULL);
INSERT INTO public.speaker (id, name, bio, photo_asset, created_at, updated_at, user_id, is_guest, guest_church_name, guest_church_location, contact_email, contact_phone) VALUES (9, 'Pastor S Jerias', 'Church leader at Remnant SDA Church', NULL, '2025-12-01 16:52:31.365528+00', '2025-12-01 16:52:31.365528+00', 3, false, NULL, NULL, NULL, NULL);
INSERT INTO public.speaker (id, name, bio, photo_asset, created_at, updated_at, user_id, is_guest, guest_church_name, guest_church_location, contact_email, contact_phone) VALUES (10, 'Pastor S Jerias', 'Church leader at Maranatha SDA Church', NULL, '2025-12-01 16:52:31.365528+00', '2025-12-01 16:52:31.365528+00', 3, false, NULL, NULL, NULL, NULL);
INSERT INTO public.speaker (id, name, bio, photo_asset, created_at, updated_at, user_id, is_guest, guest_church_name, guest_church_location, contact_email, contact_phone) VALUES (11, 'Pastor E Z Mukubwa', 'Church leader at Mount of Olives SDA Church', NULL, '2025-12-01 16:52:31.365528+00', '2025-12-01 16:52:31.365528+00', 4, false, NULL, NULL, NULL, NULL);
INSERT INTO public.speaker (id, name, bio, photo_asset, created_at, updated_at, user_id, is_guest, guest_church_name, guest_church_location, contact_email, contact_phone) VALUES (12, 'Pastor John Connick', 'Church leader at Ray of Light SDA Church', NULL, '2025-12-01 16:52:31.365528+00', '2025-12-01 16:52:31.365528+00', 5, false, NULL, NULL, NULL, NULL);


--
-- Data for Name: church_event; Type: TABLE DATA; Schema: public; Owner: -
--

INSERT INTO public.church_event (id, church_id, title, description, event_date, event_time, end_date, end_time, location, speaker_id, thumbnail_asset, event_type, max_attendees, registration_required, registration_url, is_published, is_featured, created_by, created_at, updated_at) VALUES (1, 4, 'Sabbath School', 'Weekly Sabbath School for all ages. Join us for Bible study and fellowship.', '2025-12-08', '09:30:00', NULL, NULL, 'Main Sanctuary', NULL, NULL, 'worship', NULL, false, NULL, true, false, 1, '2025-12-01 16:52:31.375901+00', '2025-12-01 16:52:31.375901+00');
INSERT INTO public.church_event (id, church_id, title, description, event_date, event_time, end_date, end_time, location, speaker_id, thumbnail_asset, event_type, max_attendees, registration_required, registration_url, is_published, is_featured, created_by, created_at, updated_at) VALUES (2, 4, 'Youth Bible Study', 'Interactive Bible study session for youth aged 13-25. Bring your questions and join the discussion!', '2025-12-04', '18:00:00', NULL, NULL, 'Youth Hall', NULL, NULL, 'study', NULL, false, NULL, true, false, 1, '2025-12-01 16:52:31.375901+00', '2025-12-01 16:52:31.375901+00');
INSERT INTO public.church_event (id, church_id, title, description, event_date, event_time, end_date, end_time, location, speaker_id, thumbnail_asset, event_type, max_attendees, registration_required, registration_url, is_published, is_featured, created_by, created_at, updated_at) VALUES (3, 4, 'Community Outreach', 'Join us as we serve our community. We will be distributing food and clothing to those in need.', '2025-12-15', '10:00:00', NULL, NULL, 'City Center', NULL, NULL, 'outreach', NULL, false, NULL, true, false, 1, '2025-12-01 16:52:31.375901+00', '2025-12-01 16:52:31.375901+00');
INSERT INTO public.church_event (id, church_id, title, description, event_date, event_time, end_date, end_time, location, speaker_id, thumbnail_asset, event_type, max_attendees, registration_required, registration_url, is_published, is_featured, created_by, created_at, updated_at) VALUES (4, 4, 'Prayer Meeting', 'Mid-week prayer meeting. Come and lift up your prayers with fellow believers.', '2025-12-05', '19:00:00', NULL, NULL, 'Prayer Room', NULL, NULL, 'prayer', NULL, false, NULL, true, false, 1, '2025-12-01 16:52:31.375901+00', '2025-12-01 16:52:31.375901+00');


--
-- Data for Name: church_invitation; Type: TABLE DATA; Schema: public; Owner: -
--

INSERT INTO public.church_invitation (id, church_id, code, created_by, max_uses, uses_count, expires_at, is_active, created_at) VALUES (1, 4, 'EBENEZERBULAWAYO', 1, NULL, 0, NULL, true, '2025-12-01 16:52:31.360482+00');
INSERT INTO public.church_invitation (id, church_id, code, created_by, max_uses, uses_count, expires_at, is_active, created_at) VALUES (2, 5, 'BETHELZVISHAVANE', 2, NULL, 0, NULL, true, '2025-12-01 16:52:31.360482+00');
INSERT INTO public.church_invitation (id, church_id, code, created_by, max_uses, uses_count, expires_at, is_active, created_at) VALUES (3, 6, 'MARANATHASHURUGWI', 3, NULL, 0, NULL, true, '2025-12-01 16:52:31.360482+00');
INSERT INTO public.church_invitation (id, church_id, code, created_by, max_uses, uses_count, expires_at, is_active, created_at) VALUES (4, 7, 'MOUNTOFOLIVESZVISHAVANE', 4, NULL, 0, NULL, true, '2025-12-01 16:52:31.360482+00');
INSERT INTO public.church_invitation (id, church_id, code, created_by, max_uses, uses_count, expires_at, is_active, created_at) VALUES (5, 9, 'RAYOFLIGHTHARARE', 5, NULL, 0, NULL, true, '2025-12-01 16:52:31.360482+00');
INSERT INTO public.church_invitation (id, church_id, code, created_by, max_uses, uses_count, expires_at, is_active, created_at) VALUES (6, 10, 'REMNANTGWERU', 3, NULL, 0, NULL, true, '2025-12-01 16:52:31.360482+00');
INSERT INTO public.church_invitation (id, church_id, code, created_by, max_uses, uses_count, expires_at, is_active, created_at) VALUES (7, 11, 'THORNGROVEBULAWAYO', 1, NULL, 0, NULL, true, '2025-12-01 16:52:31.360482+00');


--
-- Data for Name: church_member; Type: TABLE DATA; Schema: public; Owner: -
--

INSERT INTO public.church_member (id, user_id, church_id, role, is_primary, joined_at, created_at, updated_at) VALUES (1, 1, 4, 'pastor', true, '2025-12-01 16:52:31.360482+00', '2025-12-01 16:52:31.360482+00', '2025-12-01 16:52:31.360482+00');
INSERT INTO public.church_member (id, user_id, church_id, role, is_primary, joined_at, created_at, updated_at) VALUES (2, 1, 11, 'pastor', false, '2025-12-01 16:52:31.360482+00', '2025-12-01 16:52:31.360482+00', '2025-12-01 16:52:31.360482+00');
INSERT INTO public.church_member (id, user_id, church_id, role, is_primary, joined_at, created_at, updated_at) VALUES (3, 2, 5, 'pastor', true, '2025-12-01 16:52:31.360482+00', '2025-12-01 16:52:31.360482+00', '2025-12-01 16:52:31.360482+00');
INSERT INTO public.church_member (id, user_id, church_id, role, is_primary, joined_at, created_at, updated_at) VALUES (4, 3, 6, 'pastor', true, '2025-12-01 16:52:31.360482+00', '2025-12-01 16:52:31.360482+00', '2025-12-01 16:52:31.360482+00');
INSERT INTO public.church_member (id, user_id, church_id, role, is_primary, joined_at, created_at, updated_at) VALUES (5, 3, 10, 'pastor', false, '2025-12-01 16:52:31.360482+00', '2025-12-01 16:52:31.360482+00', '2025-12-01 16:52:31.360482+00');
INSERT INTO public.church_member (id, user_id, church_id, role, is_primary, joined_at, created_at, updated_at) VALUES (6, 4, 7, 'pastor', true, '2025-12-01 16:52:31.360482+00', '2025-12-01 16:52:31.360482+00', '2025-12-01 16:52:31.360482+00');
INSERT INTO public.church_member (id, user_id, church_id, role, is_primary, joined_at, created_at, updated_at) VALUES (7, 5, 9, 'pastor', true, '2025-12-01 16:52:31.360482+00', '2025-12-01 16:52:31.360482+00', '2025-12-01 16:52:31.360482+00');


--
-- Data for Name: church_project; Type: TABLE DATA; Schema: public; Owner: -
--

INSERT INTO public.church_project (id, church_id, title, description, goal_amount, raised_amount, currency, thumbnail_asset, start_date, end_date, project_type, is_active, is_featured, created_by, created_at, updated_at) VALUES (1, 4, 'Church Roof Repair', 'Our church roof needs urgent repairs to prevent water damage during the rainy season. Your contributions will help us maintain our place of worship.', 5000.00, 2350.00, 'USD', NULL, NULL, NULL, 'building', true, false, 1, '2025-12-01 16:52:31.375901+00', '2025-12-01 16:52:31.375901+00');
INSERT INTO public.church_project (id, church_id, title, description, goal_amount, raised_amount, currency, thumbnail_asset, start_date, end_date, project_type, is_active, is_featured, created_by, created_at, updated_at) VALUES (2, 4, 'Youth Camp 2025', 'Annual youth camp for spiritual growth and fellowship. Funds will cover transportation, accommodation, and activities for 50 youth.', 3000.00, 1200.00, 'USD', NULL, NULL, NULL, 'mission', true, false, 1, '2025-12-01 16:52:31.375901+00', '2025-12-01 16:52:31.375901+00');
INSERT INTO public.church_project (id, church_id, title, description, goal_amount, raised_amount, currency, thumbnail_asset, start_date, end_date, project_type, is_active, is_featured, created_by, created_at, updated_at) VALUES (3, 4, 'Community Food Bank', 'Establishing a food bank to support families in need within our community. Monthly distribution of essential food items.', 2000.00, 800.00, 'USD', NULL, NULL, NULL, 'community', true, false, 1, '2025-12-01 16:52:31.375901+00', '2025-12-01 16:52:31.375901+00');


--
-- Data for Name: devotional; Type: TABLE DATA; Schema: public; Owner: -
--

INSERT INTO public.devotional (id, slug, title, author, body_md, audio_asset, date, lang, view_count, created_at, updated_at, speaker_id, video_asset, content_type) VALUES (1, 'gods-unfailing-love', 'God''s Unfailing Love', 'Ellen G. White', '# God''s Unfailing Love

"For God so loved the world that He gave His only begotten Son, that whoever believes in Him should not perish but have everlasting life." - John 3:16

## Reflection

God''s love is beyond human comprehension. It is not based on our worthiness but on His character. Today, pause and consider the depth of God''s love for you personally.

## Prayer

Dear Father, thank You for Your unconditional love. Help me to share this love with others today. Amen.', NULL, '2025-12-01', 'en', 541, '2025-12-01 16:52:31.316006+00', '2025-12-01 16:52:31.331855+00', NULL, NULL, 'text');
INSERT INTO public.devotional (id, slug, title, author, body_md, audio_asset, date, lang, view_count, created_at, updated_at, speaker_id, video_asset, content_type) VALUES (2, 'walking-in-faith', 'Walking in Faith', 'Morris Venden', '# Walking in Faith

"Now faith is the substance of things hoped for, the evidence of things not seen." - Hebrews 11:1

## Reflection

Faith is not blind belief but trust in God based on His proven character and promises. When we walk by faith, we demonstrate our confidence in God''s wisdom and timing.

## Prayer

Lord, increase my faith. Help me to trust You even when I cannot see the way forward. Amen.', NULL, '2025-11-30', 'en', 126, '2025-12-01 16:52:31.316006+00', '2025-12-01 16:52:31.331855+00', NULL, NULL, 'text');
INSERT INTO public.devotional (id, slug, title, author, body_md, audio_asset, date, lang, view_count, created_at, updated_at, speaker_id, video_asset, content_type) VALUES (3, 'the-joy-of-salvation', 'The Joy of Salvation', 'Mark Finley', '# The Joy of Salvation

"Restore to me the joy of Your salvation, and uphold me by Your generous Spirit." - Psalm 51:12

## Reflection

Salvation is not just a future hope but a present reality that brings joy and transformation. Let us rejoice in what Christ has done for us.

## Prayer

Thank You, Jesus, for the gift of salvation. Fill my heart with joy as I serve You today. Amen.', NULL, '2025-11-29', 'en', 425, '2025-12-01 16:52:31.316006+00', '2025-12-01 16:52:31.331855+00', NULL, NULL, 'text');


--
-- Data for Name: event; Type: TABLE DATA; Schema: public; Owner: -
--

INSERT INTO public.event (id, title, description, event_date, event_time, location, speaker_id, thumbnail_asset, is_featured, is_published, created_at, updated_at) VALUES (1, 'Sabbath Worship Service', 'Join us for our weekly Sabbath worship service. Experience uplifting worship, inspiring messages, and fellowship with believers.', '2025-12-08 00:00:00+00', '9:00 AM to 12:00 PM', 'Main Church Sanctuary, 123 Church Street, Harare, Zimbabwe', NULL, NULL, true, true, '2025-12-01 16:52:31.335438+00', '2025-12-01 16:52:31.335438+00');


--
-- Data for Name: event_registration; Type: TABLE DATA; Schema: public; Owner: -
--



--
-- Data for Name: feature_flag; Type: TABLE DATA; Schema: public; Owner: -
--

INSERT INTO public.feature_flag (id, key, enabled, config, description, created_at, updated_at) VALUES (1, 'enableChat', false, '{}', 'Enable AI study chat feature', '2025-12-01 16:52:31.266634+00', '2025-12-01 16:52:31.266634+00');
INSERT INTO public.feature_flag (id, key, enabled, config, description, created_at, updated_at) VALUES (2, 'enableDownloads', true, '{}', 'Enable offline downloads', '2025-12-01 16:52:31.266634+00', '2025-12-01 16:52:31.266634+00');
INSERT INTO public.feature_flag (id, key, enabled, config, description, created_at, updated_at) VALUES (3, 'enableKids', true, '{}', 'Enable kids quarterlies', '2025-12-01 16:52:31.266634+00', '2025-12-01 16:52:31.266634+00');
INSERT INTO public.feature_flag (id, key, enabled, config, description, created_at, updated_at) VALUES (4, 'enableYouTubeImport', true, '{}', 'Enable YouTube video import', '2025-12-01 16:52:31.266634+00', '2025-12-01 16:52:31.266634+00');


--
-- Data for Name: quarterly; Type: TABLE DATA; Schema: public; Owner: -
--

INSERT INTO public.quarterly (id, kind, year, quarter, title, description, lang, hero_image, created_at, updated_at) VALUES (1, 'adult', 2025, 1, 'The Book of Romans', 'A comprehensive study of Paul''s letter to the Romans, exploring themes of grace, justification, and Christian living.', 'en', NULL, '2025-12-01 16:52:31.316006+00', '2025-12-01 16:52:31.316006+00');
INSERT INTO public.quarterly (id, kind, year, quarter, title, description, lang, hero_image, created_at, updated_at) VALUES (2, 'youth', 2025, 1, 'Heroes of Faith', 'Inspiring stories from the Bible about young people who made a difference for God.', 'en', NULL, '2025-12-01 16:52:31.316006+00', '2025-12-01 16:52:31.316006+00');
INSERT INTO public.quarterly (id, kind, year, quarter, title, description, lang, hero_image, created_at, updated_at) VALUES (3, 'kids', 2025, 1, 'Jesus and Me', 'Learning about Jesus through simple stories and activities designed for children.', 'en', NULL, '2025-12-01 16:52:31.316006+00', '2025-12-01 16:52:31.316006+00');
INSERT INTO public.quarterly (id, kind, year, quarter, title, description, lang, hero_image, created_at, updated_at) VALUES (4, 'adult', 2025, 4, 'Lessons on Faith', '1 | P a g e   Lessons on Faith   GENERAL INTRODUCTION    The Bible records the unique experiences of men and women of faith, who demonstrated the dependability of the promises made by the infinite God. To test the reality of these promises, as these Bible characters tested them, we are enjoined to exercise faith. "O taste and see that the Lord is good," is the Biblical invitation.  But how to exercise faith? This is the urgent consideration, and this should be made very plain. To every promise o', 'en', NULL, '2025-12-01 17:24:41.855439+00', '2025-12-01 17:24:41.855439+00');


--
-- Data for Name: lesson; Type: TABLE DATA; Schema: public; Owner: -
--

INSERT INTO public.lesson (id, quarterly_id, index_in_quarter, title, description, created_at, updated_at) VALUES (1, 1, 1, 'The Gospel According to Paul', 'Introduction to Romans and its central themes', '2025-12-01 16:52:31.316006+00', '2025-12-01 16:52:31.316006+00');
INSERT INTO public.lesson (id, quarterly_id, index_in_quarter, title, description, created_at, updated_at) VALUES (2, 1, 2, 'The Human Condition', 'Understanding sin and our need for salvation', '2025-12-01 16:52:31.316006+00', '2025-12-01 16:52:31.316006+00');
INSERT INTO public.lesson (id, quarterly_id, index_in_quarter, title, description, created_at, updated_at) VALUES (3, 1, 3, 'Justification by Faith', 'The core message of righteousness through faith in Christ', '2025-12-01 16:52:31.316006+00', '2025-12-01 16:52:31.316006+00');
INSERT INTO public.lesson (id, quarterly_id, index_in_quarter, title, description, created_at, updated_at) VALUES (4, 1, 4, 'Life in the Spirit', 'Walking in the power of the Holy Spirit', '2025-12-01 16:52:31.316006+00', '2025-12-01 16:52:31.316006+00');
INSERT INTO public.lesson (id, quarterly_id, index_in_quarter, title, description, created_at, updated_at) VALUES (5, 2, 1, 'David: Shepherd to King', 'The journey of David from shepherd boy to Israel''s greatest king', '2025-12-01 16:52:31.316006+00', '2025-12-01 16:52:31.316006+00');
INSERT INTO public.lesson (id, quarterly_id, index_in_quarter, title, description, created_at, updated_at) VALUES (6, 2, 2, 'Esther: Courage for Such a Time', 'How Esther saved her people through faith and courage', '2025-12-01 16:52:31.316006+00', '2025-12-01 16:52:31.316006+00');
INSERT INTO public.lesson (id, quarterly_id, index_in_quarter, title, description, created_at, updated_at) VALUES (7, 3, 1, 'Jesus Loves the Children', 'Learning how much Jesus cares for kids', '2025-12-01 16:52:31.316006+00', '2025-12-01 16:52:31.316006+00');
INSERT INTO public.lesson (id, quarterly_id, index_in_quarter, title, description, created_at, updated_at) VALUES (8, 3, 2, 'Jesus Tells Great Stories', 'Exploring the parables of Jesus', '2025-12-01 16:52:31.316006+00', '2025-12-01 16:52:31.316006+00');
INSERT INTO public.lesson (id, quarterly_id, index_in_quarter, title, description, created_at, updated_at) VALUES (9, 4, 1, 'Lesson 1 - 27th September 2025', '"God never asks us to believe, without giving sufficient evidence upon which to base our faith. His existence, His character, the truthfulness of His Word are all established by testimony that appeals to our reason; and this testimony is abundant.  Yet God has never removed the possibility of doubt. Our faith must rest upon evidence, not demonstration." — Steps to Christ, page 105.

**Study Helps:** Education, pages 253 -261; Gospel Workers, pages 259 -263; Steps to Christ, chapter, "Faith and Acceptance"; SDA Bible Commentary.

**Study Aim:** To gain a greater appreciation and understanding of faith as one of life''s imperatives.', '2025-12-01 17:24:41.855439+00', '2025-12-01 17:24:41.855439+00');
INSERT INTO public.lesson (id, quarterly_id, index_in_quarter, title, description, created_at, updated_at) VALUES (10, 4, 2, 'Lesson 2 - 4th October 2025', '"We are too faithless. Oh, how I wish that I could lead our people to have faith in God! They need not feel that in order to exercise faith they must be wrought up into a high state of excitement. All they have to do is to believe God''s Word, just as they believe one another''s word. He hath said it, and He will perform His Word. Calmly rely on His promise, because He means all that He says. Say, He has spoken to me in His Word, and He will fulfil every promise that He has made. Do not become restless. Be trustful. God''s Word is true." — Selected Messages, Book 1, pages 83, 84.

**Study Helps:** Testimonies, Vol. 8, pages 263 -278; Steps to Christ, chapter, "A Knowledge of God; SDA Bible Commentary.

**Study Aim:** A realization that the revelation God has given of Himself is sufficient to inspire faith and confidence in the hearts of all who sincerely seek Him.', '2025-12-01 17:24:41.855439+00', '2025-12-01 17:24:41.855439+00');
INSERT INTO public.lesson (id, quarterly_id, index_in_quarter, title, description, created_at, updated_at) VALUES (11, 4, 3, 'Lesson 3 - 11th October 2025', 'In this lesson we shall see how vast are God''s provisions, and how, by faith and obedience, we can appropriate these promises in our daily lives.  God''s promises were not meant merely to arouse our interest and admiration; they were intended for our appropriation.  God''s gifts are in His promises — when we accept the promises by faith, the gifts are ours also.  "It is in these promises that Christ communicates to us His grace  and power. They are leaves from that tree which is ''for the healing of the nations.'' Received, assimilated, they are to be the strength of the character, the inspiration and sustenance of the life.  Nothing else can have such healing power. Nothing besides can impart the courage and faith, which give vital energy to the whole being." — The Ministry of Healing, page 122.

**Study Helps:** Patriarchs and Prophets, pages 621, 622; Education, pages 253 -255; Selected Messages, Book 1, pages 83 -85; Book 2, pages 242 -245; SDA Bible Commentary.

**Study Aim:** To appreciate the greatness of God''s promises, and to learn how to appropriate them by faith.', '2025-12-01 17:24:41.855439+00', '2025-12-01 17:24:41.855439+00');
INSERT INTO public.lesson (id, quarterly_id, index_in_quarter, title, description, created_at, updated_at) VALUES (12, 4, 4, 'Lesson 4 - 18th October 2025', '"The sin of Adam and Eve caused a fearful separation between God and man.  And Christ steps in between fallen man and God, and says to man, ''You may yet come to the Father; there is a plan devised through which God can be reconciled to man, and man to God; through a mediator you can approach God.''  And now He stands to mediate for you.  He is the great High Priest who is pleading in your behalf; and you are to come and present your case to the Father through Jesus Christ." — Testimonies, Vol. 2, page 591.  Faith makes this experience a reality.

**Study Helps:** Patriarchs and Prophets, pages 33 -70; The Desire of Ages, pages 19-26, 114 -131, 741 -764; SDA Bible Commentary; The Great Controversy, pages 675- 678.

**Study Aim:** To deepen the assurance of acceptance into the family of God.', '2025-12-01 17:24:41.855439+00', '2025-12-01 17:24:41.855439+00');
INSERT INTO public.lesson (id, quarterly_id, index_in_quarter, title, description, created_at, updated_at) VALUES (13, 4, 5, 'Lesson 5 - 25th October 2025', 'Every individual has a past as well as a present. It is the studied purpose of Satan, the originator of evil, to haunt humanity with the sins of the past. The result is frustration and bewilderment. Mankind has been offered many self -help remedies for guilt and frustration, but all such remedies have proved futile. Without divine intervention the condition of the human family is hopeless.   But God has intervened. An incalculable price has been paid for our sins. A fountain has been opened for sin and uncleanness, where we may wash and be clean.  The promise is explicit and clear: "Though your sins be as scarlet, they shall be as white as snow; though they be red like crimson, they shall be as wool." Isaiah 1:18. May God bring to each heart the assurance of forgiveness.  20 | P a g e

**Study Helps:** Steps to Christ, chapters, "Repentance," and "Confession,";  Testimonies, Vol. 5, pages 635 -641.

**Study Aim:** To gain a fuller appreciation of the assurance of pardon given to every believing child of God.', '2025-12-01 17:24:41.855439+00', '2025-12-01 17:24:41.855439+00');
INSERT INTO public.lesson (id, quarterly_id, index_in_quarter, title, description, created_at, updated_at) VALUES (14, 4, 6, 'Lesson 6 - 1st November 2025', 'A satisfying fellowship with God can be established only upon an unwavering faith in His reality and His presence.   "As a shield from temptation and an inspiration to purity and truth, no other influence can equal the sense of God''s presence.  ''All things are naked and opened unto the eyes of Him with whom we have to do.'' . . . This thought was Joseph''s shield amidst the corruption''s of Egypt.  To the allurements of temptation his answer was steadfast: ''How ... can I do this great wickedness, and sin against God?'' Genesis 39:9. Such a shield, faith, if cherished, will bring to every soul." — Education, page 255.    (emphasis supplied.)  24 | P a g e

**Study Helps:** Testimonies, Vol. 5, pages 628, 651, 652; Testimonies to Ministers, pages 387 -391; SDA Bible Commentary, Psalms 139.

**Study Aim:** To gain a deeper realization of the fact that we are always in the presence of the infinite God.   Introduction   A satisfying fellowship with God can be established only upon an unwavering faith in His reality and His presence.   "As a shield from temptation and an inspiration to purity and truth, no other influence can equal the sense of God''s presence.  ''All things are naked and opened unto the eyes of Him with whom we have to do.'' . . . This thought was Joseph''s shield amidst the corruption''s of Egypt.  To the allurements of temptation his answer was steadfast: ''How ... can I do this great wickedness, and sin against God?'' Genesis 39:9. Such a shield, faith, if cherished, will bring to every soul." — Education, page 255.    (emphasis supplied.)', '2025-12-01 17:24:41.855439+00', '2025-12-01 17:24:41.855439+00');
INSERT INTO public.lesson (id, quarterly_id, index_in_quarter, title, description, created_at, updated_at) VALUES (15, 4, 7, 'Lesson 7 - 8th November 2025', '"Yes, Christ has said it, and He means just what He says.  He will honour all our drafts if we will grasp His promise by living faith, and put our trust in Him.  Look to Him, and live.  All who obey God are embraced in the prayer which Christ offered to His Father, ''I have declared unto them Thy name, and will declare it: that the love wherewith Thou hast loved Me may be in them, and I in them.''  John 17:26.  29 | P a g e   Wonderful truth, too difficult for humanity to comprehend!" — Selected Messages, Book 1, page 300.   ''Sunday               ''For With Their Mouth They Shew Much Love''   1.  What does the Bible say of the shallowness of what some call "love"? Luke 6:32, 33; Ezekiel 33:31.   NOTE:  "It is true that there may be an outward correctness of deportment without the renewing power of Christ. The love of influence and the desire for the esteem of others may produce a well -ordered life. Self -respect may lead us to avoid the appearance of evil. A selfish heart may perform generous actions. By what means, then, shall we determine whose side we are on?   "Who has the heart? With whom are the thoughts? Of whom do we love to converse? Who has our warmest affections and our best energies? If we are Christ''s our thoughts are with Him, and our sweetest thoughts are of Him." — Steps to Christ , page 58.   2. What did Christ say the people of His day lacked?  John 5:42.   NOTE:  In Christ''s day the professed people of God had made no room in their hearts for His love, therefore they were incapable of loving God in return.   "In rejecting the love of Christ they reject that which alone can impart purity and steadfastness to human love." — Christ''s Object Lessons , page 225.   3. What type of love did Jesus pray for His followers to possess? John 17:26.   NOTE:  "The Lord has made abundant provision that His love may be given to us as His free, abundant grace, as our inheritance in this life, to enable us to diffuse the same by being yoked up with Christ.  Jesus conveys the circulating vitality of a pure and sanctified Christlike love through every part of our human nature.  When this love is expressed in the character, it reveals to all those with whom we associate that it is possible for God to be formed within, the hope of glory." — Fundamentals of Christian Education, page 466.

**Study Helps:** First Epistle of John; 1 Corinthians 13; Acts of the Apostles, pages 546-551; Steps to Christ, chapters, "God''s Love for Man," "Test of Discipleship"; SDA Bible Commentary.

**Study Aim:** To have God''s love planted in the heart, and to realize that this can be accomplished only through the exercise of faith in God''s promises.', '2025-12-01 17:24:41.855439+00', '2025-12-01 17:24:41.855439+00');
INSERT INTO public.lesson (id, quarterly_id, index_in_quarter, title, description, created_at, updated_at) VALUES (16, 4, 8, 'Lesson 8 - 15th November 2025', 'The very nature of a genuine Christian experience makes prayer imperative.  Christianity is not a creed, nor is it a set of truths. It is intensely personal. "Christ is Christianity." ( Gospel Workers, pages 282, 283.) Hence a Christian experience is fellowship with Jesus, and this fellowship is established by faith… Fellowship can be 34 | P a g e   maintained only through unbroken communion. This is true of earthly friendships; it is doubly true of our friendship and fellowship with Christ.  Neglect communion, and religion becomes a dry formality.   "It is now that we are to learn this lesson of prevailing prayer, of unyielding faith.  The greatest victories to the church of Christ or to the individual Christian are not those that are gained by talent or education, by wealth, or the favour of men. They are those victories that are gained in the audience chamber of God, when earnest agonizing faith lays hold on the mighty arm of power." — Patriarchs and Prophets, page 203.

**Study Helps:** Steps to Christ, pages 93 -104; Christ''s Object Lessons,  pages 139 -149; Thoughts From the Mount of Blessing, pages 102 -122; SDA Bible Commentary.

**Study Aim:** To develop a simple, deep rooted faith in the assurance that God hears the cries of the weakest human being.', '2025-12-01 17:24:41.855439+00', '2025-12-01 17:24:41.855439+00');
INSERT INTO public.lesson (id, quarterly_id, index_in_quarter, title, description, created_at, updated_at) VALUES (17, 4, 9, 'Lesson 9 - 22nd November 2022', 'God can be trusted to care for His own. God will not call to Himself the helpless and needy only to abandon them. This is not the kind of God the Bible presents.  Christianity establishes a parent -child relationship between us and our heavenly Father.  Our Heavenly Parent has all the resources; we, His children, must maintain an attitude of confidence and trust.    "He knows each individual by name, and cares for each as if there were not another upon the earth for whom He gave His beloved Son." — The Ministry of Healing,  page 229.   "We may well have anxiety, and anticipate danger and loss; for it is certain to befall us. But when we really believe that God loves us, and means to do us good, we shall cease to worry about the future. We shall trust God as a child trusts a loving parent. Then our troubles and torments will disappear; for our will is swallowed up in the will of God." — Sons and Daughters of God, page 119.

**Study Helps:** Steps to Christ, pages 85 -91; Messages to Young People, page 156; The Acts of the Apostles, pages 153, 154; SDA Bible Commentary.

**Study Aim:** To develop an adequate concept of the greatness and the love of God in order to have greater confidence in God''s promises of unfailing care and guidance.', '2025-12-01 17:24:41.855439+00', '2025-12-01 17:24:41.855439+00');
INSERT INTO public.lesson (id, quarterly_id, index_in_quarter, title, description, created_at, updated_at) VALUES (18, 4, 10, 'Lesson 10 - 29th November 2025', '"The promise of the Holy Spirit is not limited to any age or to any race. Christ declared that the divine influence of His Spirit was to be with His followers unto the end. From the day of Pentecost to the present time, the Comforter has been sent to all who have yielded themselves fully to the Lord and to His service. To all who have accepted Christ as a personal Saviour, the Holy Spirit has come as a counsellor, sanctifier, guide, and witness." — The Acts of the Apostles, page 49.   "The great sin of those who profess to be Christians is that they do not open the heart to receive the Holy Spirit." — Selected Messages, Book 2, page 57.

**Study Helps:** The Desire of Ages, pages 668 -672; Testimonies, Vol. 8, pages 19 -23; The Acts of the Apostles, pages 47 -56; SDA Bible Commentary.

**Study Aim:** To accept the promised Spirit as indispensable to our salvation and to the finishing of God''s work.', '2025-12-01 17:24:41.855439+00', '2025-12-01 17:24:41.855439+00');
INSERT INTO public.lesson (id, quarterly_id, index_in_quarter, title, description, created_at, updated_at) VALUES (19, 4, 11, 'Lesson 11 - 6th December 2025', '"But even here Christians may have the joy of communion with Christ; they may have the light of His love, the perpetual comfort of His presence. Every step in life may bring us closer to Jesus, may give us a deeper experience of His love, and may bring us one step nearer to the blessed home of peace. Then let us not cast away our confidence, but have firm assurance, firmer than ever before…. Let us keep fresh in our memory all the tender mercies that God has shown us --the tears He has wiped away, the pains He has soothed, the anxieties removed, the fears dispelled, the wants supplied, the blessings bestowed, --thus strengthening ourselves for all that is before us through the remainder of our pilgrimage." — Steps to Christ , p. 125.

**Study Helps:** Steps to Christ, chapters, "Consecration," "Faith and Acceptance,"

**Study Aim:** To know the necessity and possibility of making our "calling and election sure."', '2025-12-01 17:24:41.855439+00', '2025-12-01 17:24:41.855439+00');
INSERT INTO public.lesson (id, quarterly_id, index_in_quarter, title, description, created_at, updated_at) VALUES (20, 4, 12, 'Lesson 12 - 13 December 2025', 'Every human being is involved in the great controversy between Christ and Satan.  We are on one side or the other. There is no "no -man''s land" in this conflict. Neither is it possible to give allegiance to both sides. Jesus declared unequivocally, "He that is not with Me is against Me." Thus, any who surrender to the claims of Christ became involved in the bitter conflict between right and wrong, good and evil, Christ and Satan. This is no sham battle; it is real warfare, because our "adversary the devil, as a roaring lion, walketh about, seeking whom he may devour." 1 Peter 5:8.   But just as conflict with evil is a certainty, so also is the promise of victory through the name of our blessed Christ. His strong arm "hath gotten Him the victory." The cross settled the issue. The echo of His precious promise is heard down through the corridors of time: "These things I have spoken unto you that in Me ye might have peace. In the world ye shall have tribulation: but be of good cheer; I have overcome the world." John 16:33. In His victory we shall discover ours: "Nay, in all these things we are more than conquerors through Him that loved us." Romans 8:37.

**Study Helps:** Early Writings, pages 145 -147; The Great Controversy, pages

**Study Aim:** To discover the provisions God has made for complete victory over sin.', '2025-12-01 17:24:41.855439+00', '2025-12-01 17:24:41.855439+00');
INSERT INTO public.lesson (id, quarterly_id, index_in_quarter, title, description, created_at, updated_at) VALUES (21, 4, 13, 'Lesson 13 - 20th December 2025', 'No promises in the Bible are more explicit than those which relate to the second coming of Jesus.  This is a cardinal teaching of the Seventh -day Adventist Church.  In fact, it is one of the great truths that brought this movement into existence.  As a people we have proclaimed throughout the whole world the prophetic truth, the manner, and the signs of the Master''s return.   "The Lord is coming. Let everyone show his faith by his works. Faith in Christ''s near advent is dying out of the churches, and selfishness is causing them to rob God to serve their own personal interests. When Christ is abiding in us, we shall be self -denying like Him." — Testimonies, Vol. 5, page 153.   In this lesson we are not so much concerned about the theology of the second advent as we are about the necessity of cultivating a living faith that will grasp the reality of God''s promises concerning it.

**Study Helps:** The Great Controversy, pages 299 -316; Christ''s Object Lessons, pages 405 -421; SDA Bible Commentary.

**Study Aim:** To alert our hearts to the reality of Christ''s imminent return.', '2025-12-01 17:24:41.855439+00', '2025-12-01 17:24:41.855439+00');


--
-- Data for Name: lesson_day; Type: TABLE DATA; Schema: public; Owner: -
--

INSERT INTO public.lesson_day (id, lesson_id, day_index, date, title, body_md, memory_verse, audio_asset, created_at, updated_at, study_aim, study_help, introduction) VALUES (1, 1, 1, '2025-12-01', 'Introduction to Romans', '# Introduction to Romans

## Key Points

- Paul wrote Romans around AD 57
- Written to the church in Rome
- The most systematic presentation of the gospel in Scripture

## Study Questions

1. What was Paul''s purpose in writing to the Romans?
2. How does this letter still speak to us today?

## Application

As we begin this study, ask God to open your heart to understand His grace more fully.', 'Romans 1:16-17 - "For I am not ashamed of the gospel of Christ, for it is the power of God to salvation for everyone who believes."', NULL, '2025-12-01 16:52:31.316006+00', '2025-12-01 16:52:31.316006+00', NULL, NULL, NULL);
INSERT INTO public.lesson_day (id, lesson_id, day_index, date, title, body_md, memory_verse, audio_asset, created_at, updated_at, study_aim, study_help, introduction) VALUES (2, 1, 2, '2025-12-02', 'Paul''s Greeting', '# Paul''s Greeting

## Scripture Focus: Romans 1:1-7

Paul identifies himself as a servant of Jesus Christ, called to be an apostle. His greeting reveals key themes that will unfold throughout the letter.

## Key Insights

- The gospel is about Jesus Christ, descended from David
- Jesus was declared the Son of God by His resurrection
- God''s grace calls us to obedience of faith

## Reflection

How does Paul''s understanding of his calling challenge your view of your own calling?', 'Romans 1:7 - "Grace to you and peace from God our Father and the Lord Jesus Christ."', NULL, '2025-12-01 16:52:31.316006+00', '2025-12-01 16:52:31.316006+00', NULL, NULL, NULL);
INSERT INTO public.lesson_day (id, lesson_id, day_index, date, title, body_md, memory_verse, audio_asset, created_at, updated_at, study_aim, study_help, introduction) VALUES (3, 5, 1, '2025-12-01', 'The Youngest Brother', '# The Youngest Brother

## The Story

David was the youngest of eight brothers. While his older brothers went to battle, David stayed home to watch the sheep. But God had big plans for this shepherd boy!

## Think About It

- God doesn''t look at the outside; He looks at the heart
- Age doesn''t matter to God
- Being faithful in small things prepares us for big things

## Challenge

This week, be faithful in the tasks you''re given, even if they seem small.', '1 Samuel 16:7 - "The Lord does not see as man sees; for man looks at the outward appearance, but the Lord looks at the heart."', NULL, '2025-12-01 16:52:31.316006+00', '2025-12-01 16:52:31.316006+00', NULL, NULL, NULL);
INSERT INTO public.lesson_day (id, lesson_id, day_index, date, title, body_md, memory_verse, audio_asset, created_at, updated_at, study_aim, study_help, introduction) VALUES (4, 7, 1, '2025-12-01', 'Jesus Wants to Be Your Friend', '# Jesus Wants to Be Your Friend

## Story Time

One day, parents brought their children to see Jesus. The disciples tried to send them away, but Jesus said, "Let the little children come to me!"

## What We Learn

- Jesus loves children
- Jesus wants to spend time with you
- You are special to Jesus

## Activity

Draw a picture of yourself with Jesus. What would you do together?

## Prayer

Dear Jesus, thank You for loving me. I want to be Your friend forever. Amen.', 'Mark 10:14 - "Let the little children come to Me, and do not forbid them; for of such is the kingdom of God."', NULL, '2025-12-01 16:52:31.316006+00', '2025-12-01 16:52:31.316006+00', NULL, NULL, NULL);
INSERT INTO public.lesson_day (id, lesson_id, day_index, date, title, body_md, memory_verse, audio_asset, created_at, updated_at, study_aim, study_help, introduction) VALUES (5, 9, 1, NULL, 'MEMORY VERSE:   "But without faith it is impossible to please him: for he that"', 'cometh to God must believe that he is, and that he is a rewarder of them that diligently seek him." Hebrews 11:6.  STUDY HELPS:   Education, pages 253 -261; Gospel Workers, pages 259 -263; Steps to Christ, chapter, "Faith and Acceptance"; SDA Bible Commentary.  STUDY AIM:   To gain a greater appreciation and understanding of faith as one of life''s imperatives.   INTRODUCTION   "God never asks us to believe, without giving sufficient evidence upon which to base our faith. His existence, His character, the truthfulness of His Word are all established by testimony that appeals to our reason; and this testimony is abundant.  Yet God has never removed the possibility of doubt. Our faith must rest upon evidence, not demonstration." — Steps to Christ, page 105.', '"But without faith it is impossible to please him: for he that cometh to God must believe that he is, and that he is a rewarder of them that diligently seek him." Hebrews 11:6.', NULL, '2025-12-01 17:24:41.855439+00', '2025-12-01 17:24:41.855439+00', NULL, NULL, NULL);
INSERT INTO public.lesson_day (id, lesson_id, day_index, date, title, body_md, memory_verse, audio_asset, created_at, updated_at, study_aim, study_help, introduction) VALUES (6, 9, 2, NULL, 'The Role Of Faith', '1. How does the Bible define faith? Hebrews 11:1.   NOTE:  When we speak of faith, there is a distinction that should be borne in mind.  There is a kind of belief that is wholly distinct from faith. The existence and power of God, the truth of His Word, are facts that even Satan and his hosts cannot at heart deny. . . But this is not faith. Where there is not only a belief in God''s Word, but a submission of the will to Him; where the heart is yielded to Him, and the affections fixed upon him, there is faith — faith that works by love and purifies the soul.  Through this faith the heart is renewed in the image of God." — Steps to Christ, page 63.  2. What is the basis of our relationship to God and to Christ? Mark 11:22; John 3:16.   NOTE:  "Faith is not the ground of our salvation, but it is the great blessing — the eye that sees, the ear that hears, the feet that run, the hand that grasps.  It is the means, not the end.  If Christ gave His life to save sinners, why shall I not take that blessing?  My faith grasps it, and thus my faith is the substance of things hoped for, the evidence of things not seen.  Thus resting and believing, I have peace with God through the Lord Jesus Christ." — Ellen G. White Comments, SDA Bible 4 | P a g e   Commentary , Vol. 6, page 1073.', NULL, NULL, '2025-12-01 17:24:41.855439+00', '2025-12-01 17:24:41.855439+00', NULL, NULL, NULL);
INSERT INTO public.lesson_day (id, lesson_id, day_index, date, title, body_md, memory_verse, audio_asset, created_at, updated_at, study_aim, study_help, introduction) VALUES (7, 9, 3, NULL, 'Walk By Faith, Not By Sight', '1. How is faith related to Christian living? 2 Corinthians 5:7.   NOTE:  Faith results in a distinct way of life.  The Christian plans and lives his life with reference to the God, "whom having not seen, we love."  Faith makes God a reality, an ever -present Companion; and thus we "walk by faith, not by sight."   "It is not a conclusive evidence that a man is a Christian because he manifests spiritual ecstasy under extraordinary circumstances.  Holiness is not rapture: it is an entire surrender of the will to God; it is living by every word that proceeds from the mouth of God; it is doing the will of our heavenly Father; it is trusting God in trial, in darkness as well as in the light; it is walking by faith and not by sight; it is relying on God with unquestioning confidence, and resting in His love." — The Acts of the Apostles, page 51.   2. How is faith cultivated? Romans 10:17.   NOTE:  In order to grow and to become strong and invincible, faith must constantly be nourished on its native food — the Word of God. To neglect the study of God''s Holy Word is to starve faith. It is by faith that the miracle of a transformed life is wrought; it is by faith that our prayers are answered. It is by faith that we are to overcome the wicked one; it is by faith that the Holy Spirit is to dwell in our hearts. If faith is anemic for want of feeding on the Word of God, every other aspect of the Christian life will be correspondingly weak.   "The truth is to be planted in the heart. It is to control the mind and regulate the affections. The whole character must be stamped with the divine utterances. Every jot and tittle of the Word of God is to be brought into the daily practice." — Christ''s Object Lessons, page 314. (See also The Desire of Ages, page 126).', NULL, NULL, '2025-12-01 17:24:41.855439+00', '2025-12-01 17:24:41.855439+00', NULL, NULL, NULL);
INSERT INTO public.lesson_day (id, lesson_id, day_index, date, title, body_md, memory_verse, audio_asset, created_at, updated_at, study_aim, study_help, introduction) VALUES (27, 12, 2, NULL, 'God Created Man In His Own Image', '1. In the beginning, what was the condition of the first family? What privileges did they enjoy? Genesis 1:27, 28; 2:15.  NOTE:  To man, the crowning work of His creation, God gave three precious 16 | P a g e   possessions: 1. Life, Genesis 2:7; 2. A home, Genesis 2:15; 3. Dominion, Genesis 1:28.  2. With what special capacity did the Creator endow the first pair?  Genesis 2:17.  NOTE:  With the power to choose between good and evil also came accountability.  Man, who is permitted to choose, must also accept the consequences of his choices.  The consequences were made very plain.', NULL, NULL, '2025-12-01 17:24:41.855439+00', '2025-12-01 17:24:41.855439+00', NULL, NULL, NULL);
INSERT INTO public.lesson_day (id, lesson_id, day_index, date, title, body_md, memory_verse, audio_asset, created_at, updated_at, study_aim, study_help, introduction) VALUES (8, 9, 4, NULL, 'If It Hath Not Works, Is Dead', '1. How will genuine faith manifest itself? Galatians 5:6. Compare James 2:17; Hebrews 11:8.   NOTE:  "Faith is the condition upon which God has seen fit to promise pardon to sinners; not that there is any virtue in faith whereby salvation is merited, but because faith can lay hold of the merits of Christ, the remedy provided for sin." — Ellen G. White Comments, SDA Bible Commentary , Vol. 6, page 1073.   2. How vital is faith to fellowship with God?  Hebrews 11:6.   NOTE:  "''Without faith it is impossible to please Him'' (Hebrews 11:6); for it is faith that connects us with the power of heaven, and brings us strength for coping with the 5 | P a g e   powers of darkness. . . . Faith familiarizes the soul with the existence and presence of God, and, living with an eye single to the glory of God, more and more we discern the beauty of His character, the excellence of His grace.  Our souls become strong in spiritual power; for we are breathing the atmosphere of heaven, and realizing that God is at our right hand, that we shall not be moved." — Selected Messages, Book 1, pages 334, 335.', NULL, NULL, '2025-12-01 17:24:41.855439+00', '2025-12-01 17:24:41.855439+00', NULL, NULL, NULL);
INSERT INTO public.lesson_day (id, lesson_id, day_index, date, title, body_md, memory_verse, audio_asset, created_at, updated_at, study_aim, study_help, introduction) VALUES (9, 9, 5, NULL, 'Through Faith we understand', '1. To what perplexing questions does faith provide the answers? Hebrews 11:3;  2 Peter 3:13.   NOTE:  "There is an evidence that is open to all — the most highly educated, and the most illiterate — the evidence of experience.  God invites us to prove for ourselves the reality of His Word, the truth of His promises." — Steps to Christ, page 111.  2. How only is the grace of God accessible to the repentant sinner? Ephesians 2:8; 3:17.   NOTE:  "The law demands righteousness, and this the sinner owes to the law; but he is incapable of rendering it. The only way in which he can attain to righteousness is through faith. By faith he can bring to God the merits of Christ, and the Lord places the obedience of His Son to the sinner''s account. Christ''s righteousness is accepted in place of man''s failure, and God receives, pardons, justifies, the repentant, believing soul, treats him as though he were righteous, and loves him as He loves His Son. This is how faith is accounted righteousness." — Ellen G. White Comments, SDA Bible Commentary, Vol. 6,  page 1073.', NULL, NULL, '2025-12-01 17:24:41.855439+00', '2025-12-01 17:24:41.855439+00', NULL, NULL, NULL);
INSERT INTO public.lesson_day (id, lesson_id, day_index, date, title, body_md, memory_verse, audio_asset, created_at, updated_at, study_aim, study_help, introduction) VALUES (10, 9, 6, NULL, 'All things are possible', '1. What comes to us as a result of exercising genuine faith?  Romans 15:13.   NOTE:  Faith must never be based on one''s feelings, but on the promises of God; joy and peace come as a result of believing. In other words, faith precedes feeling. "There is peace in believing, and joy in the Holy Ghost. Believing brings peace, and trusting in God brings joy. Believe, believe! my soul says, Believe. Rest in God." — Testimonies, Vol. 2, pages 319, 320.   2. What is possible for one who exercises faith?  Mark 9:23.   NOTE: '' It is through the exercise of the faculty of faith that we are enabled to receive and practice the word of God. No excuse can be accepted, no plea of justification received for the failure to know and understand the will of the Lord. The Lord will 6 | P a g e   enlighten the heart that is loyal to Him. He can read the thoughts and intents of the heart. It is useless to plead that if it had been so and so, we would have done so and so. There is no if about God''s requirements; His word is yea and amen. There can be no question in the heart of faith as to the power of God to perform His promises. Pure faith works by love, and purifies the soul.'' — Fundementals of Education,  p. 341.', NULL, NULL, '2025-12-01 17:24:41.855439+00', '2025-12-01 17:24:41.855439+00', NULL, NULL, NULL);
INSERT INTO public.lesson_day (id, lesson_id, day_index, date, title, body_md, memory_verse, audio_asset, created_at, updated_at, study_aim, study_help, introduction) VALUES (11, 9, 7, NULL, 'Warnings And Counsels', '1. How is spiritual prosperity related to faith? 2 Chronicles 20:20.   NOTE:  ''Christ stands as the representative of the Father, the connecting link between God and man; He is the great teacher of mankind. And He ordained that men and women should be His representatives. The family was the school, and the parents were the teachers.'' — Education,  p. 33.   ''As we acknowledge before God our appreciation of Christ''s merits, fragrance is given to our intercessions. As we approach God through the virtue of the Redeemer''s merits, Christ places us close by His side, encircling us with His human arm, while with His divine arm He grasps the throne of the Infinite.'' — God''s Amazing Grace,  p. 85.   2.  What will characterize the days preceding Christ''s return?  Luke 18:8;  2 Peter 3:3, 4.   NOTE:  "Spiritual darkness has covered the earth and gross darkness the people.  There are in many churches skepticism and infidelity in the interpretation of the Scriptures.  Many, very many, are questioning the verity and truth of the Scriptures.  Human reasoning and the imaginings of the human heart are undermining the inspiration of the Word of God, and that which should be received as granted, is surrounded with a cloud of mysticism.  Nothing stands out in clear and distinct lines, upon rock bottom.  This is one of the marked signs of the last days." — Selected Messages, Book 1, page 15.   3. What counsel is given those who await the return of the Lord?  Hebrews 10:35 -37; Ephesians 6:16.   NOTE:  "It will not be long till we shall see Him in whom our hopes of eternal life are centered. And in His presence, all the trials and sufferings of this life will be as nothingness.  ''Cast not away therefore your confidence, which hath great recompense of reward.  For ye have need of patience, that, after ye have done the will of God, ye might receive the promise.'' . . . Look up, look up, and let your faith continually increase.  Let this faith guide you along the narrow path that leads through the gates of the city of God into the great beyond, the wide, unbounded future of glory that is for the redeemed." — Testimonies, Vol. 9, pages 287, 288.   7 | P a g e', NULL, NULL, '2025-12-01 17:24:41.855439+00', '2025-12-01 17:24:41.855439+00', NULL, NULL, NULL);
INSERT INTO public.lesson_day (id, lesson_id, day_index, date, title, body_md, memory_verse, audio_asset, created_at, updated_at, study_aim, study_help, introduction) VALUES (12, 10, 1, NULL, 'MEMORY VERSE:   "And this is life eternal, that they might know thee the only', 'true God, and Jesus Christ, whom thou hast sent." John 17:3.  STUDY HELPS:   Testimonies, Vol. 8, pages 263 -278; Steps to Christ, chapter, "A Knowledge of God; SDA Bible Commentary.  STUDY AIM:   A realization that the revelation God has given of Himself is sufficient to inspire faith and confidence in the hearts of all who sincerely seek Him.   INTRODUCTION   "We are too faithless. Oh, how I wish that I could lead our people to have faith in God! They need not feel that in order to exercise faith they must be wrought up into a high state of excitement. All they have to do is to believe God''s Word, just as they believe one another''s word. He hath said it, and He will perform His Word. Calmly rely on His promise, because He means all that He says. Say, He has spoken to me in His Word, and He will fulfil every promise that He has made. Do not become restless. Be trustful. God''s Word is true." — Selected Messages, Book 1, pages 83, 84.', '"And this is life eternal, that they might know thee the only true God, and Jesus Christ, whom thou hast sent." John 17:3.', NULL, '2025-12-01 17:24:41.855439+00', '2025-12-01 17:24:41.855439+00', NULL, NULL, NULL);
INSERT INTO public.lesson_day (id, lesson_id, day_index, date, title, body_md, memory_verse, audio_asset, created_at, updated_at, study_aim, study_help, introduction) VALUES (13, 10, 2, NULL, 'Understandeth And Knoweth Me', '1. What is a knowledge of God declared to be? John 17:3.   NOTE:  "In His prayer to the Father, Christ gave to the world a lesson which should be graven on mind and soul.  ''This is life eternal,'' He said, ''that they might know Thee the only true God, and Jesus Christ, whom Thou hast sent.''  John 17:3. This is true education.  It imparts power.  The experimental knowledge of God and of Jesus Christ whom He has sent, transforms man into the image of God.  It gives to man the mastery of himself, bringing every impulse and passion of the lower nature under the control of the higher powers of the mind.  It makes its possessor a son of God and an heir of heaven.  It brings him into communion with the mind of the Infinite, and opens to him the rich treasures of the universe." — Christ''s Object Lessons, page 114.   2. In what only should man take pride? Jeremiah 9:23, 24.   NOTE:  "If men could see for a moment beyond the range of finite vision, if they could catch a glimpse of the Eternal, every mouth would be stopped in its boasting.  Men living in this little atom of a world are finite; God has unnumbered worlds that 8 | P a g e   are obedient to His laws, and are conducted with reference to His glory.  When men have gone as far in scientific research as their limited powers will permit, there is still an infinity beyond what they can apprehend." — Counsels to Teachers, page 66.', NULL, NULL, '2025-12-01 17:24:41.855439+00', '2025-12-01 17:24:41.855439+00', NULL, NULL, NULL);
INSERT INTO public.lesson_day (id, lesson_id, day_index, date, title, body_md, memory_verse, audio_asset, created_at, updated_at, study_aim, study_help, introduction) VALUES (14, 10, 3, NULL, 'Beside Me There Is  No God', '1. What is said of the true God as compared with all false gods? Isaiah 43:10; 44:6.  NOTE: '' Satan exults as he sees that he is successful in keeping minds from a consideration of the solemn, important matters that have to do with eternal life. He seeks to crowd the thought of God out of the mind, and to put worldliness and commercialism in its place. He desires to keep the world in darkness. It is his studied purpose to lead men to forget God and heaven, to bring all the souls that he can under his own jurisdiction.'' — Counsels on Stewardship,  p. 219.    2.  What is essential concerning belief in God?  Hebrews 11:6.   NOTE:  "There is no encouragement given for unbelief. The Lord manifests His grace and His power over and over again, and this should teach us that it is always profitable under all circumstances to cherish faith, to talk faith, to act faith. We are not to have our hearts and hands weakened by allowing the suggestions of suspicious minds to plant in our hearts the seeds of doubt and distrust." — Ellen G. White Comments, SDA Bible Commentary, Vol. 7, page 928.', NULL, NULL, '2025-12-01 17:24:41.855439+00', '2025-12-01 17:24:41.855439+00', NULL, NULL, NULL);
INSERT INTO public.lesson_day (id, lesson_id, day_index, date, title, body_md, memory_verse, audio_asset, created_at, updated_at, study_aim, study_help, introduction) VALUES (15, 10, 4, NULL, 'Who Hath Created These Things', '1. Of what does nature testify? Romans 1:19, 20; Psalms 19:1; Isaiah 40:25, 26.   NOTE:  "It is not that they do not know the truth about God: indeed He has made it quite plain to them.  For since the beginning of the world the invisible attributes of God, for example, His eternal power and divinity, have been plainly discernible through things which He has made and which are commonly seen and known, thus leaving these men without a rag of excuse. They knew all the time that there is a God, yet they refused to acknowledge Him as such." Romans 1:19 -21. (From "The New Testament in Modern English,"  copyright J. B. Phillips, 1958. Used by permission of The Macmillan Company.)   2. Through what means other than nature has God revealed Himself to humanity?  Hebrews 1:1; 2 Timothy 3:16.   NOTE:  "God speaks to us in His Word.  Here we have in clearer lines the revelation of His character, of His dealings with men, and the great work of redemption.  Here is open before us the history of patriarchs and prophets and other holy men of old.  They were men ''subject to like passions as we are.'' James 5:17. We 9 | P a g e   see how they struggled through discouragements like our own, how they fell under temptation as we have done, and yet took heart again and conquered through the grace of God: and beholding, we are encouraged in our striving after righteousness."  — Steps to Christ, pages 87, 88.', NULL, NULL, '2025-12-01 17:24:41.855439+00', '2025-12-01 17:24:41.855439+00', NULL, NULL, NULL);
INSERT INTO public.lesson_day (id, lesson_id, day_index, date, title, body_md, memory_verse, audio_asset, created_at, updated_at, study_aim, study_help, introduction) VALUES (16, 10, 5, NULL, 'He Has Spoken To Us By ⌊His⌋ Son', '1. Through whom did God make the most complete revelation of Himself?  Hebrews 1:2, 2 Corinthians 4:6. Compare John 14:9.   NOTE:  "Christ came to teach human beings what God desires them to know.  In the heavens above, in the earth, in the broad waters of the ocean, we see the handiwork of  God. All created things testify to His power, His wisdom, His love. But not from the stars or the ocean or the cataract can we learn of the personality of God as it is revealed in Christ." — Sons and Daughters of God, page 21.   2. In what other manner does God reveal Himself?  Psalms 34:6 -8; 107:43.   NOTE:  "God speaks to us through His providential workings, and through the influence of His Spirit upon the heart." — Steps to Christ, page 87.', NULL, NULL, '2025-12-01 17:24:41.855439+00', '2025-12-01 17:24:41.855439+00', NULL, NULL, NULL);
INSERT INTO public.lesson_day (id, lesson_id, day_index, date, title, body_md, memory_verse, audio_asset, created_at, updated_at, study_aim, study_help, introduction) VALUES (17, 10, 6, NULL, 'Ye Shall Seek Me, And Find Me', '1. What remarkable assurance has God given? Jeremiah 29:13, 14.   NOTE:  "The whole heart must be yielded to God, or the change con never be wrought in us by which we are to be restored to His likeness. By nature we are alienated from God.... God desires to heal us, to set us free. But since this requires an entire transformation, a renewing of our whole nature, we must yield ourselves wholly to Him." — Steps to Christ, page 43.   2. What did Jesus say of God''s attitude toward us? John 16:27; 3:16.   NOTE:  "It is true that disappointments will come; tribulations we must expect; but we are to commit everything, great and small, to God. He does not become perplexed by the multiplicity of our grievances nor overpowered by the weight of our blunders. His watchcare extends to every household and encircles every individual; He is concerned in all our business and our sorrows. He marks every tear; He is touched with the feelings of our infirmities. All the afflictions and trials that befall us here are permitted, to work out His purposes of love toward us, ''that we might be partakers of His holiness'' and thus become participants in that fullness of joy which is found in His presence." — Testimonies, Vol. 5, page 742.   3. How only can we approach God the Father? Matthew 11:27; John 14:6.  10 | P a g e    NOTE:  "Jehovah did not deem the plan of salvation complete while invested only with His love. He has placed at His altar an Advocate clothed in our nature. As our Intercessor, Christ''s office work is to introduce us to God as His sons and daughters.  He intercedes in behalf of those who receive Him. With His own blood He has paid their ransom. By virtue of His merits He gives them power to become members of the royal family, children of the heavenly King. And the Father demonstrates His infinite love for Christ by receiving and welcoming Christ''s friends as His friends." — Testimonies, Vol. 8, page 177.', NULL, NULL, '2025-12-01 17:24:41.855439+00', '2025-12-01 17:24:41.855439+00', NULL, NULL, NULL);
INSERT INTO public.lesson_day (id, lesson_id, day_index, date, title, body_md, memory_verse, audio_asset, created_at, updated_at, study_aim, study_help, introduction) VALUES (18, 10, 7, NULL, 'To Revive The Spirit Of The Humble', '1. With whom will the Father and the Son make their abode?  John 14:23;  Isaiah 57:15.  NOTE: ''These words are addressed to those who, awake to their true situation and susceptible to the influence of the Spirit of God, humble themselves before God with contrite hearts. But to those who will not heed the reproof of God, who are determined and froward, and who set themselves to go on in their own way, God cannot speak peace. He cannot heal them; for they will not acknowledge that they need healing.'' —  Letter 106 , 1896   2. In what capacity does Jesus now serve His believing Children? 1 Timothy 2:5;  1 John 2:1; John 10:28, 29.   NOTE: '' Oh, that we who are pilgrims and strangers in this foreign country . . . might comprehend Christ, the way, the truth, and the life. He says, "No man cometh unto the Father, but by me." The path He has marked out is so plain and distinct that the veriest sinner, loaded with guilt, need not miss his way. Not one trembling seeker need fail of finding the true path, and of walking in pure and holy light, for Jesus leads the way.'' — Our High Calling,  p. 38.     11 | P a g e', NULL, NULL, '2025-12-01 17:24:41.855439+00', '2025-12-01 17:24:41.855439+00', NULL, NULL, NULL);
INSERT INTO public.lesson_day (id, lesson_id, day_index, date, title, body_md, memory_verse, audio_asset, created_at, updated_at, study_aim, study_help, introduction) VALUES (19, 11, 1, NULL, 'MEMORY VERSE:   "Whereby are given unto us exceeding great and precious', 'promises: that by these ye might be partakers of the divine nature, having escaped the corruption that is in the world through lust." 2 Peter 1:4.  STUDY HELPS:   Patriarchs and Prophets, pages 621, 622; Education, pages 253 -255; Selected Messages, Book 1, pages 83 -85; Book 2, pages 242 -245; SDA Bible Commentary.  STUDY AIM:   To appreciate the greatness of God''s promises, and to learn how to appropriate them by faith.   INTRODUCTION   In this lesson we shall see how vast are God''s provisions, and how, by faith and obedience, we can appropriate these promises in our daily lives.  God''s promises were not meant merely to arouse our interest and admiration; they were intended for our appropriation.  God''s gifts are in His promises — when we accept the promises by faith, the gifts are ours also.  "It is in these promises that Christ communicates to us His grace  and power. They are leaves from that tree which is ''for the healing of the nations.'' Received, assimilated, they are to be the strength of the character, the inspiration and sustenance of the life.  Nothing else can have such healing power. Nothing besides can impart the courage and faith, which give vital energy to the whole being." — The Ministry of Healing, page 122.', '"Whereby are given unto us exceeding great and precious promises: that by these ye might be partakers of the divine nature, having escaped the corruption that is in the world through lust." 2 Peter 1:4.', NULL, '2025-12-01 17:24:41.855439+00', '2025-12-01 17:24:41.855439+00', NULL, NULL, NULL);
INSERT INTO public.lesson_day (id, lesson_id, day_index, date, title, body_md, memory_verse, audio_asset, created_at, updated_at, study_aim, study_help, introduction) VALUES (20, 11, 2, NULL, 'Exceeding Great And Precious Promises', '12 | P a g e   1. With what words does the Apostle Peter describe God''s promises?  What are these promises designed to do for us?  2 Peter 1:4.   NOTE:  "There are many who, through striving to obey God''s commandments, have little joy or peace. This lack in their experience is the result of a failure to exercise faith.  They walk as it were in a salt land, a parched wilderness. They claim little when they might claim much; for there is no limit to the promises of God. Such ones do not correctly represent the sanctification that comes through obedience to the truth. The Lord would have all His sons and daughters happy, peaceful, and obedient. Through the exercise of faith the believer comes into possession of these blessings. Through faith, every deficiency of character may be supplied." — The Acts of the Apostles, pages 563, 564.   2. How comprehensive is God''s care and provision for His children?  Philippians 4:19; Psalms 84:11.   NOTE:  "Our heavenly Father has a thousand ways to provide for us of which we know nothing. Those who accept the one principle of making the service of God supreme, will find perplexities vanish and a plain path before their feet." — The Ministry of Healing, page 481.', NULL, NULL, '2025-12-01 17:24:41.855439+00', '2025-12-01 17:24:41.855439+00', NULL, NULL, NULL);
INSERT INTO public.lesson_day (id, lesson_id, day_index, date, title, body_md, memory_verse, audio_asset, created_at, updated_at, study_aim, study_help, introduction) VALUES (21, 11, 3, NULL, 'Hath Blessed Us With All Spiritual Blessings', '1. What provision has God made for our spiritual growth?  Ephesians 1:3 2 Peter 1:3, 4.   NOTE:  ''How full and free are the blessings to be bestowed on all who come to God in the name of His Son. If they will observe the conditions laid down in His Word, He will open to them the windows of heaven, and pour them down a blessing that there will not be room enough to receive it... If God''s people will sanctify themselves by obedience to His precepts, the Lord will work in their midst. He will renew humble, contrite souls, making their characters pure and holy.'' This Day with God,  p. 341.    2. What promise is given concerning man''s temporal needs? Matthew 6:30 -34;  Acts 14:17.   NOTE:  "Christ is the source of all temporal, as well as all spiritual blessings. . . .How can those who expect to stand around Christ''s throne, and to be clothed with His righteousness, distrust God, and fear that He will leave them to come to want? Where is their faith? Our heavenly Father feeds the ravens, and will He not much more feed us?. . If we had a right view of Christ, we would permit nothing to interpose between ourselves and Him." — Sons and Daughters of God, page 234.', NULL, NULL, '2025-12-01 17:24:41.855439+00', '2025-12-01 17:24:41.855439+00', NULL, NULL, NULL);
INSERT INTO public.lesson_day (id, lesson_id, day_index, date, title, body_md, memory_verse, audio_asset, created_at, updated_at, study_aim, study_help, introduction) VALUES (22, 11, 4, NULL, 'And Shall He Not Do It?', '13 | P a g e    1. What characteristic of God makes His promises trustworthy? James 1:17; Numbers 23:19. Compare Joshua 21:45.   NOTE:  "The rainbow round about the throne is an assurance that God is true, that in Him is no variableness, neither shadow of turning…. When we come to him confessing our unworthiness and sin, He has pledged Himself to give heed to our cry. The honour of His throne is staked for the fulfillment of His word unto us." — Christ''s Object Lessons,  p. 148.   2. What is said of the reliability of all God''s promises made through Jesus Christ?  2 Corinthians 1:20.  Compare Psalms 37:25.   NOTE:  "''Wherefore, if God so clothe the grass of the field, which today is, and tomorrow is cast into the oven, shall He not much more clothe you, O ye of little faith?''  Can you not trust in your heavenly Father? Can you not rest upon His gracious promise? ''Seek ye first the kingdom of God, and His righteousness; and all these things shall be added unto you.'' Precious promise! Can you not rely upon it? Can we not have implicit trust, knowing that He is faithful who hath promised? I entreat you to let your trembling faith again grasp  the promises of God. Bear your whole weight upon them with unwavering faith; for they will not, they cannot, fail." — Testimonies, Vol. 2, page 497. (emphasis supplied).', NULL, NULL, '2025-12-01 17:24:41.855439+00', '2025-12-01 17:24:41.855439+00', NULL, NULL, NULL);
INSERT INTO public.lesson_day (id, lesson_id, day_index, date, title, body_md, memory_verse, audio_asset, created_at, updated_at, study_aim, study_help, introduction) VALUES (23, 11, 5, NULL, 'If You Obey The Commands Of The LORD', '1. To experience the fulfillment of God''s promises, what must be our attitude?  Isaiah 1:19, 20.   NOTE:  "In the work of salvation there is a co -operation of human and divine agencies. There is much said concerning the inefficiency of human effort, and yet the Lord does nothing for the salvation of the soul without the co -operation of man. The Word of God is clear and distinct on this point, and yet when so much depends upon our co -operation with the heavenly agencies, men conduct themselves as though they could afford to set aside the claims of God, and let the things of eternal importance wait their convenience." — Fundamentals of Christian Education, pages 217, 218.   2.  What indications do we have that God''s promises are conditional?  Deuteronomy 11:26 -28; 1 John 1:9; Revelation 3:20.   NOTE:  "All His [God''s] gifts are promised on condition of obedience. God has a heaven full of blessings for those who will co -operate with Him. All who obey Him may with confidence claim the fulfillment of His promises." — Christ''s Object Lessons, page 145.   14 | P a g e', NULL, NULL, '2025-12-01 17:24:41.855439+00', '2025-12-01 17:24:41.855439+00', NULL, NULL, NULL);
INSERT INTO public.lesson_day (id, lesson_id, day_index, date, title, body_md, memory_verse, audio_asset, created_at, updated_at, study_aim, study_help, introduction) VALUES (24, 11, 6, NULL, 'According To Your Faith', '1. How should we regard the Bible promises? Luke 24:25; 1 Thessalonians 2:13.   NOTE:  "The good -ground hearer receives the word ''not as the word of men, but as it is in truth, the Word of God.'' 1 Thessalonians 2:13. Only he who receives the Scriptures as the voice of God speaking to himself is a true learner.  He trembles at the Word; for to him it is a living reality." — Christ''s Object Lessons, page 59.   2.  Of what must we as individuals be fully persuaded to experience the fulfillment of God''s promises? Romans 4:20, 21. Compare Daniel 3:16 -18; Matthew 9:28, 29.   NOTE:  ''God wants us to receive much, in order that we may impart much. He desires us to be channels through which He can impart richly of His grace to the world… ''The Lord is willing to do for us "exceeding abundantly above all that we ask or think." Ephesians 3:20. Talk it; pray it. Do not talk unbelief. We cannot afford to let Satan see that he has power to darken our countenances and sadden our lives…..Pray in faith. And be sure to bring your lives into harmony with your petitions, that you may receive the blessings for which you pray. Let not your faith weaken, for the blessings received are proportionate to the faith exercised… Pray, believe, rejoice.'' — Testimonies Vol. 7,  p. 274.', NULL, NULL, '2025-12-01 17:24:41.855439+00', '2025-12-01 17:24:41.855439+00', NULL, NULL, NULL);
INSERT INTO public.lesson_day (id, lesson_id, day_index, date, title, body_md, memory_verse, audio_asset, created_at, updated_at, study_aim, study_help, introduction) VALUES (25, 11, 7, NULL, 'When Ye Pray, Believe That Ye Receive Them', '1. Upon what does the fulfillment of such promises depend and what should be mingled with all our petitions? Deuteronomy 28:1, 2, 13, 14; Philippians 4:6; Ephesians 5:20.   NOTE:  "Many are forfeiting the conditions of acceptance with the Father. We need to examine closely the deed of trust wherewith we approach God. If we are disobedient, we bring to the Lord a note to be cashed when we have not fulfilled the conditions that would make it payable to us. We present to God His promises, and ask Him to fulfill them, when by so doing He would dishonor His own name." — Christ''s Object Lessons, page 143.   2. When we comply with the conditions God wisely attaches to His promises, what assurance is ours? 1 John 5:14, 15; Mark 11:24.   NOTE:  "Is Jesus true? Does He mean what he says? Answer decidedly, Yes, every word. Then if you have settled this, by faith claim every promise He has ever made, and receive the blessing; for this acceptance by faith gives life to the soul. You may believe that Jesus is true to you, even though you feel yourself to be the weakest and most unworthy of His children." — Testimonies to Ministers, page 517.  15 | P a g e    "We need look for no outward evidence of the blessing. The gift is in the promise, and we may go about our work assured that what God has promised He is able to perform, and that the gift, which we already possess, will be realized when we need it most." — Education,  p.258.', NULL, NULL, '2025-12-01 17:24:41.855439+00', '2025-12-01 17:24:41.855439+00', NULL, NULL, NULL);
INSERT INTO public.lesson_day (id, lesson_id, day_index, date, title, body_md, memory_verse, audio_asset, created_at, updated_at, study_aim, study_help, introduction) VALUES (26, 12, 1, NULL, 'MEMORY VERSE:  "For if, when we were enemies, we were reconciled to God by', 'the death of his Son, much more, being reconciled, we shall be saved by his life." Romans 5:10.  STUDY HELPS:   Patriarchs and Prophets, pages 33 -70; The Desire of Ages, pages 19-26, 114 -131, 741 -764; SDA Bible Commentary; The Great Controversy, pages 675- 678. STUDY AIM:  To deepen the assurance of acceptance into the family of God.   INTRODUCTION   "The sin of Adam and Eve caused a fearful separation between God and man.  And Christ steps in between fallen man and God, and says to man, ''You may yet come to the Father; there is a plan devised through which God can be reconciled to man, and man to God; through a mediator you can approach God.''  And now He stands to mediate for you.  He is the great High Priest who is pleading in your behalf; and you are to come and present your case to the Father through Jesus Christ." — Testimonies, Vol. 2, page 591.  Faith makes this experience a reality.', '"For if, when we were enemies, we were reconciled to God by the death of his Son, much more, being reconciled, we shall be saved by his life." Romans 5:10.', NULL, '2025-12-01 17:24:41.855439+00', '2025-12-01 17:24:41.855439+00', NULL, NULL, NULL);
INSERT INTO public.lesson_day (id, lesson_id, day_index, date, title, body_md, memory_verse, audio_asset, created_at, updated_at, study_aim, study_help, introduction) VALUES (28, 12, 3, NULL, 'All Have Sinned', '1. What was the result of the unwise choice made by Adam and Eve? Genesis 3:6-8, 19, 24.   NOTE:  How true are the words of Isaiah: "For thus saith the Lord, ye have sold yourselves for nought; and ye shall be redeemed without money." Isaiah 52:3. All that Adam and Eve were endowed with they lost through disobedience: 1. Innocence, Genesis 3:7; 2. Life, Genesis 3:19; 3. Home, Genesis 3:23,24; 4. Dominion, Hebrews 2:8. God''s plan of reconciliation will, through Christ, restore all that was lost through Adam. Acts 3:21.   2. As a consequence of transgression, what is man''s condition? Ephesians 2:12;  Romans 5:12.   NOTE:  ''The news of man''s fall spread through heaven. Every harp was hushed. The angels cast their crowns from their heads in sorrow... A council was held to decide what must be done with the guilty pair... But God said that He would drive the transgressors from the garden.'' — Early Writing , p. 149.', NULL, NULL, '2025-12-01 17:24:41.855439+00', '2025-12-01 17:24:41.855439+00', NULL, NULL, NULL);
INSERT INTO public.lesson_day (id, lesson_id, day_index, date, title, body_md, memory_verse, audio_asset, created_at, updated_at, study_aim, study_help, introduction) VALUES (29, 12, 4, NULL, 'While We Were Yet Sinners', '1. Who took the initiative in bringing about a reconciliation? Why did God do this?  1 John 4:10; Romans 5:8.   NOTE:  "In Christ dwelt all the fullness of the Godhead. But the only way in which He could reach men was to veil His glory by a garb of humanity. The angels beheld the hiding of His glory, that divinity might touch humanity. Christ ever retained the utmost hatred for sin, but He loved the purchase of His blood. He suffered in the place of sinful men, taking them into union with Himself." — Ellen G. White Comments, SDA Bible Commentary , Vol. 7, p. 904   2. In becoming our Saviour, whose place did Christ take?  What was involved?   Hebrews 2:9.  NOTE:  "After Christ had consented to leave His high command, step down from an infinite height and assume humanity, He could have taken upon Him any 17 | P a g e   condition of humanity He might choose.  But greatness and rank were nothing to Him, and He selected the lowest and most humble walk of life." — Ellen G. White Comments, SDA Bible Commentary,  Vol. 7, p. 903.', NULL, NULL, '2025-12-01 17:24:41.855439+00', '2025-12-01 17:24:41.855439+00', NULL, NULL, NULL);
INSERT INTO public.lesson_day (id, lesson_id, day_index, date, title, body_md, memory_verse, audio_asset, created_at, updated_at, study_aim, study_help, introduction) VALUES (30, 12, 5, NULL, 'Made Him To Be Sin For Us', '1. How closely did Christ identify Himself with sinners?  2 Corinthians 5:21; Isaiah 53:4 -6. NOTE:  "Christ made satisfaction for the guilt of the whole world, and all who will come to God in faith, will receive the righteousness of Christ, ''Who His own self bare our sins in His own body on the tree, that we, being dead to sin, should live unto righteousness: by whose stripes ye were healed.'' 1 Peter 2:24. Our sin has been expiated, put away, cast into the depths of the sea. Through repentance and faith we are rid of sin, and look unto the Lord our righteousness. Jesus suffered, the just for the unjust." — Selected Messages, Book 1, pages 392, 393.   2. As a result of Christ''s infinite sacrifice, what was assured to sinners?  Romans 5:10; Colossians 1:21, 22.   NOTE:  Our reconciliation with the Father was assured.  The way into the presence of God was opened. "In Him we have a complete offering, an infinite sacrifice, a mighty Saviour, who is able to save unto the uttermost all who come unto God by Him.  In love He comes to reveal the Father, reconcile man to God, to make him a new creature renewed after the image of Him who created him.   "Jesus is our atoning sacrifice.  We can make no atonement for ourselves; but by faith we can accept the atonement that has been made." — Selected Messages, Book 1, pages 321, 322', NULL, NULL, '2025-12-01 17:24:41.855439+00', '2025-12-01 17:24:41.855439+00', NULL, NULL, NULL);
INSERT INTO public.lesson_day (id, lesson_id, day_index, date, title, body_md, memory_verse, audio_asset, created_at, updated_at, study_aim, study_help, introduction) VALUES (31, 12, 6, NULL, 'Power To Become the Sons Of God', '1. In view of the reconciliation provided, what gracious invitation and positive assurance are extended to sinners?  Matthew 11:28; John 12:32; 1:12.   NOTE:  ''The sacrifice of Christ as an atonement for sin is the great truth around which all other truths cluster. In order to be rightly understood and appreciated, every truth in the Word of God, from Genesis to Revelation, must be studied in the light that streams from the cross of Calvary. I present before you the great, grand monument of mercy and regeneration, salvation and redemption --the Son of God uplifted on the cross. This is to be the foundation of every discourse given by our ministers.'' — Gospel Workers,  p. 315.   2.  What marvelous transformation comes to all who by faith embrace the provisions God has made for our reconciliation?  John 3:3; 1 Corinthians 6:9 -11.  18 | P a g e   NOTE:  "The Lord Jesus is making experiments on human hearts through the exhibition of His mercy and abundant grace…. The angels of God, seraphim and cherubim, the powers commissioned to co -operate with human agencies, look on with astonishment and joy, that fallen men, once children of wrath, are through the training of Christ developing characters after the divine similitude, to be sons and daughters of God, to act an important part in the occupations and pleasures of heaven." — Son and Daughters of God, page 356.   3.  Into what family are transformed sinners adopted? Galatians 4:4 -7; Ephesians 2:19.   NOTE:  "The only -begotten Son of God has died that we might live.  The Lord has accepted this sacrifice in our behalf, as our substitute and surety, on the condition that we receive Christ and believe on Him.  The sinner must come in faith to Christ and take hold of His merits, lay his sins upon the Sin Bearer, and receive His pardon.  It was for this cause that Christ came into the world.  Thus the righteousness of Christ is imputed to the repenting, believing sinner.  He becomes a member of the royal family, a child of the heavenly King, an heir of God, and a joint heir with Christ." — Selected Messages, Book 1, page 215.', NULL, NULL, '2025-12-01 17:24:41.855439+00', '2025-12-01 17:24:41.855439+00', NULL, NULL, NULL);
INSERT INTO public.lesson_day (id, lesson_id, day_index, date, title, body_md, memory_verse, audio_asset, created_at, updated_at, study_aim, study_help, introduction) VALUES (32, 12, 7, NULL, 'He That Overcometh Shall Inherit All Things', '1.  In what capacity does Christ now serve before the Father?  Hebrews 7:25;  1 Timothy 2:5.  Compare 1 John 2:1.   NOTE:  "the intercession of Christ in man''s behalf in the sanctuary above is as essential to the plan of salvation as was His death upon the cross.  By His death He began that work which after His resurrection He ascended to complete in heaven." — The Great Controversy, page 489.   2.  By virtue of membership in the royal family, to what may the children of God look forward?  Romans 8:18; Isaiah 35:10; Revelation 21:7.   NOTE:  "Language fails to express the value of the immortal inheritance.  The glory, riches, and honour offered by the Son of God, are of such infinite value that it is beyond the power of men or even angels to give any just idea of their worth, their excellence, their magnificence." — Testimonies, Vol. 2, page 40.          19 | P a g e', NULL, NULL, '2025-12-01 17:24:41.855439+00', '2025-12-01 17:24:41.855439+00', NULL, NULL, NULL);
INSERT INTO public.lesson_day (id, lesson_id, day_index, date, title, body_md, memory_verse, audio_asset, created_at, updated_at, study_aim, study_help, introduction) VALUES (33, 13, 1, NULL, 'MEMORY VERSE:  "Let the wicked forsake his way, and the unrighteous man his', 'thoughts: and let him return unto the LORD, and he will have mercy upon him; and to our God, for he will abundantly pardon." Isaiah 55:7.  STUDY HELPS:  Steps to Christ, chapters, "Repentance," and "Confession,";  Testimonies, Vol. 5, pages 635 -641. STUDY AIM:   To gain a fuller appreciation of the assurance of pardon given to every believing child of God.   INTRODUCTION   Every individual has a past as well as a present. It is the studied purpose of Satan, the originator of evil, to haunt humanity with the sins of the past. The result is frustration and bewilderment. Mankind has been offered many self -help remedies for guilt and frustration, but all such remedies have proved futile. Without divine intervention the condition of the human family is hopeless.   But God has intervened. An incalculable price has been paid for our sins. A fountain has been opened for sin and uncleanness, where we may wash and be clean.  The promise is explicit and clear: "Though your sins be as scarlet, they shall be as white as snow; though they be red like crimson, they shall be as wool." Isaiah 1:18. May God bring to each heart the assurance of forgiveness.  20 | P a g e', '"Let the wicked forsake his way, and the unrighteous man his thoughts: and let him return unto the LORD, and he will have mercy upon him; and to our God, for he will abundantly pardon." Isaiah 55:7.', NULL, '2025-12-01 17:24:41.855439+00', '2025-12-01 17:24:41.855439+00', NULL, NULL, NULL);
INSERT INTO public.lesson_day (id, lesson_id, day_index, date, title, body_md, memory_verse, audio_asset, created_at, updated_at, study_aim, study_help, introduction) VALUES (34, 13, 2, NULL, 'For All Have Sinned', '1. How many are in need of pardon?  Why?  Romans 3:23; 5:12.   NOTE:  ''Christ is able to save to the uttermost. . . . All that man can possibly do toward his own salvation is to accept the invitation, "Whosoever will, let him take the water of life freely." Revelation 22:17. No sin can be committed by man for which satisfaction has not been met on Calvary.'' — Our High Calling,  p. 122.   2. Unless we repent of our sins and receive pardon, what will be the result?  Romans 6:23; Proverbs 11:19; Isaiah 59:2.   NOTE:  ''Sin not only shuts away from God, but destroys in the human soul both the desire and the capacity for knowing Him. Through sin, the whole human organism is deranged, the mind is perverted, the imagination corrupted; the faculties of the soul are degraded. There is an absence of pure religion, of heart holiness. The converting power of God has not wrought in transforming the character. The soul is weak, and for want of moral force to overcome, is polluted and debased.'' — Prophets and Kings,  p. 233.', NULL, NULL, '2025-12-01 17:24:41.855439+00', '2025-12-01 17:24:41.855439+00', NULL, NULL, NULL);
INSERT INTO public.lesson_day (id, lesson_id, day_index, date, title, body_md, memory_verse, audio_asset, created_at, updated_at, study_aim, study_help, introduction) VALUES (35, 13, 3, NULL, 'O Wretched Man That I Am', '1. What is the condition of one who yields to sin? John 8:34; Romans 6:16.   NOTE:  "Even one wrong trait of character, one sinful desire, persistently cherished, will eventually neutralize all the power of the gospel. Every sinful indulgence strengthens the soul''s aversion to God…. In all the Bible there is not a more fearful warning against trifling with evil than the words of the wise man, that the sinner ''shall be holden with the cords of his sins.''  Proverbs 5:22." — Steps to Christ, page 34.   2. How does the Bible state the impossibility of man''s freeing himself from sin and its effects?  Jeremiah 2:22; 13:23; Romans 7:18 -20, 24.   NOTE:  ''As your conscience has been quickened by the Holy Spirit, you have seen something of the evil of sin, of its power, its guilt, its woe; and you look upon it with abhorrence. You feel that sin has separated you from God, that you are in bondage to the power of evil. The more you struggle to escape, the more you realize your helplessness. Your motives are impure; your heart is unclean. You see that your life has been filled with selfishness and sin. You long to be forgiven, to be cleansed, to be set free. Harmony with God, likeness to Him, what can you do to obtain it?   It is peace you need — Heaven''s forgiveness and peace and love in your soul.  Money cannot buy it, intellect cannot procure it, wisdom cannot attain to it; you can never hope, by your own efforts, to secure it.'' — Steps to Christ, page 49.  21 | P a g e', NULL, NULL, '2025-12-01 17:24:41.855439+00', '2025-12-01 17:24:41.855439+00', NULL, NULL, NULL);
INSERT INTO public.lesson_day (id, lesson_id, day_index, date, title, body_md, memory_verse, audio_asset, created_at, updated_at, study_aim, study_help, introduction) VALUES (36, 13, 4, NULL, 'Sent His Son To Be  The Propitiation For Our Sins', '1.  What is God''s disposition and attitude toward sinners? Micah 7:18; Exodus 34:6, 7.    "The Lord is full of compassion for His suffering ones. What sins are too great for His pardon? He is merciful, and as such is infinitely more ready and more pleased to pardon than to condemn. He is gracious, not looking for wrong in us; He knoweth our frame; He remembereth that we are but dust. In His boundless compassion and mercy He heals all our backslidings, loving us freely while we are yet sinners, withdrawing not His light, but shining on us for Christ''s sake." — Selected Messages, Book 2, page 231.   2.  What action did God''s love prompt Him to take for our pardon?  Ephesians 1:7;  1 John 4:10.   NOTE:  "All heaven suffered in Christ''s agony; but that suffering did not begin or end with His manifestation in humanity. The cross is a revelation to our dull senses of the pain that, from its very inception, sin has brought to the heart of God. Every departure from the right, every deed of cruelty, every failure of humanity to reach His ideal, brings grief to Him." — Education, page 263.   3.   How is the Christian''s case represented before the Father? Romans 8:34; Hebrews 9:24.   NOTE:  "Everyone who will break from the slavery and service of Satan, and will stand under the bloodstained banner of Prince Emmanuel will be kept by Christ''s intercessions. Christ, as our Mediator at the right hand of the Father, ever keeps us in view, for it is as necessary that He should keep us by His intercessions as that He should redeem us with His blood. If He lets go His hold on us for one moment, Satan stands ready to destroy. Those purchased by His blood, He now keeps by His intercession." — Ellen G. White Comments, SDA Bible Commentary,  Vol. 6, page 1078.', NULL, NULL, '2025-12-01 17:24:41.855439+00', '2025-12-01 17:24:41.855439+00', NULL, NULL, NULL);
INSERT INTO public.lesson_day (id, lesson_id, day_index, date, title, body_md, memory_verse, audio_asset, created_at, updated_at, study_aim, study_help, introduction) VALUES (37, 13, 5, NULL, 'I  Have  Sinned And Done This  Evil In  Your  Sight', '1.   What revelation of ourselves will motivate us to seek God''s pardon? Job 42:5, 6; Psalms 51:4, 5 . Compare Luke 15:17, 18.   NOTE:  "The less we see to esteem in ourselves, the more we shall see to esteem in the infinite purity and loveliness of our Saviour. A view of our sinfulness drives us to Him who can pardon; and when the soul, realizing its helplessness, reaches out after Christ, He will reveal Himself in power. The more our sense of need drives us to Him and to the Word of God, the more exalted views we shall have of His character, 22 | P a g e   and the more fully we shall reflect His image." — Steps to Christ, page 65.   2.   What is required of those who seek forgiveness? How definite must our confessions be? 1 John 1:9; Proverbs 28:13; Psalms 32:5.   NOTE:  "There is great need of just such sincere, heartfelt repentance and confession [as that of Daniel]. Those who have not humbled their souls before God in acknowledging their guilt have not yet fulfilled the first condition of acceptance.  If we have not experienced that repentance which is not to be repented of and have not confessed our sin with true humiliation of soul and brokenness of spirit, abhorring our iniquity, we have never sought truly for the forgiveness of sin; and if we have never sought we have never found the peace of God. The only reason why we may not have remission of sins that are past is that we are not willing to humble our proud hearts and comply with the conditions of the Word of truth." — Testimonies, Vol. 5, page 636.', NULL, NULL, '2025-12-01 17:24:41.855439+00', '2025-12-01 17:24:41.855439+00', NULL, NULL, NULL);
INSERT INTO public.lesson_day (id, lesson_id, day_index, date, title, body_md, memory_verse, audio_asset, created_at, updated_at, study_aim, study_help, introduction) VALUES (38, 13, 6, NULL, 'Let The Wicked Forsake His Way', '1.   What must accompany confession in order that it may be acceptable to God? Ezekiel 18:20; 2 Chronicles 7:14; Isaiah 55:7. Compare Leviticus 6:4, 5.   NOTE:  "Confession will not be acceptable to God without sincere repentance and reformation.  There must be decided changes in the life; everything offensive to God must be put away." — Steps to Christ, page 39.  Note the heartfelt repentance of David recorded in Psalms 51.   2.  What spirit must we maintain toward others if we would have our sins pardoned? Matthew 6:12, 14, 15; 18:21, 22.   NOTE:  "We are not forgiven because we forgive, but as we forgive. The ground of all forgiveness is found in the unmerited love of God; but by our attitude toward others we show whether we have made that love our own." — Christ''s Object Lessons, page 251.', NULL, NULL, '2025-12-01 17:24:41.855439+00', '2025-12-01 17:24:41.855439+00', NULL, NULL, NULL);
INSERT INTO public.lesson_day (id, lesson_id, day_index, date, title, body_md, memory_verse, audio_asset, created_at, updated_at, study_aim, study_help, introduction) VALUES (39, 13, 7, NULL, 'And I Will Remember Their Sin No More', '1.  When we believe God''s promises and comply with the conditions, what assurance may we, by faith accept? Jeremiah 31:34; Hebrews 10:22, 23; 1John 5:14, 15.   NOTE:  Faith assures us of the fulfillment of God''s promises. Ellen G. White, having described the healing of the paralytic at Bethesda, makes the following application:   "In like manner you are a sinner. You cannot atone for your past sins, you cannot 23 | P a g e   change your heart, and make yourself holy. But God promises to do all this for you through Christ. You believe that promise. You confess your sins, and give yourself to God. You will serve Him. Just as surely as you do this, God will fulfill His word to you. If you believe the promise — believe that you are forgiven and cleansed — God supplies the fact; you are made whole, just as Christ gave the paralytic power to walk when the man believed that he was healed. It is so if you believe it.   "Do not wait to feel that you are made whole, but say, ''I believe it; it is so, not because I feel it, but because God has promised." — Steps to Christ, page 51.   2.  What compelling invitation does God extend to us all?  Isaiah 1:18   NOTE:  "Without the cross, man could have no union with the Father. On it depends our every hope. From it shines the light of the Saviour''s love; and when at the foot of the cross the sinner looks up to the One who died to save him, he may rejoice with fullness of joy; for his sins are pardoned. Kneeling in faith at the cross, he has reached the highest place to which man can attain." — The Acts of the Apostles, pages 209, 210.', NULL, NULL, '2025-12-01 17:24:41.855439+00', '2025-12-01 17:24:41.855439+00', NULL, NULL, NULL);
INSERT INTO public.lesson_day (id, lesson_id, day_index, date, title, body_md, memory_verse, audio_asset, created_at, updated_at, study_aim, study_help, introduction) VALUES (40, 14, 1, NULL, 'MEMORY VERSE:  "And he said, My presence shall go with thee, and I will give', 'thee rest." Exodus 33:14.   STUDY HELPS:   Testimonies, Vol. 5, pages 628, 651, 652; Testimonies to Ministers, pages 387 -391; SDA Bible Commentary, Psalms 139.  STUDY AIM:  To gain a deeper realization of the fact that we are always in the presence of the infinite God.   Introduction   A satisfying fellowship with God can be established only upon an unwavering faith in His reality and His presence.   "As a shield from temptation and an inspiration to purity and truth, no other influence can equal the sense of God''s presence.  ''All things are naked and opened unto the eyes of Him with whom we have to do.'' . . . This thought was Joseph''s shield amidst the corruption''s of Egypt.  To the allurements of temptation his answer was steadfast: ''How ... can I do this great wickedness, and sin against God?'' Genesis 39:9. Such a shield, faith, if cherished, will bring to every soul." — Education, page 255.    (emphasis supplied.)  24 | P a g e', '"And he said, My presence shall go with thee, and I will give thee rest." Exodus 33:14.', NULL, '2025-12-01 17:24:41.855439+00', '2025-12-01 17:24:41.855439+00', NULL, NULL, NULL);
INSERT INTO public.lesson_day (id, lesson_id, day_index, date, title, body_md, memory_verse, audio_asset, created_at, updated_at, study_aim, study_help, introduction) VALUES (41, 14, 2, NULL, 'The Heaven Is My Throne', '1.  What evidence does Isaiah give of the power and knowledge of God?  Isaiah 40:25 -28.  NOTE:  ''The sun and the moon were made by Him; there is not a star that beautifies the heavens which He did not make. There is not an article of food upon our tables that He has not provided for our sustenance. The stamp and superscription of God is upon it all.'' — Letter 79,  1897.       ''But the power of God is still exercised in upholding the objects of His creation. It is not because the mechanism once set in motion continues to act by its own inherent energy that the pulse beats, and breath follows breath. Every breath, every pulsation of the heart, is an evidence of the care of Him in whom we live and move and have our being. From the smallest insect to man, every living creature is daily dependent upon His providence.'' — Education,  p. 131.   2. How extensive is the presence of God? Isaiah 66:1; Acts 7:48 -50.  NOTE: "The hand that sustains the worlds in space, the hand that holds in their orderly arrangement and tireless activity all things throughout the universe of God, is the hand that was nailed to the cross for us.       The greatness of God is to us incomprehensible. ''The Lord''s throne is in heaven'' (Psalm 11:4); yet by His Spirit He is everywhere present. He has an intimate knowledge of, and a personal interest in, all the works of His hand." — Education,  p. 132.', NULL, NULL, '2025-12-01 17:24:41.855439+00', '2025-12-01 17:24:41.855439+00', NULL, NULL, NULL);
INSERT INTO public.lesson_day (id, lesson_id, day_index, date, title, body_md, memory_verse, audio_asset, created_at, updated_at, study_aim, study_help, introduction) VALUES (42, 14, 3, NULL, 'With Him Also That Is  Of A Contrite And Humble Spirit', '1. Although the presence of God fills the heavens and the earth, with whom does He condescend to dwell? Isaiah 57:15; 66:2.   NOTE:  "We should cherish gratitude of heart all the days of our life because the Lord has put on record these words: "For thus saith the high and lofty One that inhabiteth eternity, whose name is Holy; I dwell in the high and holy place, with him also that is of a contrite and humble spirit, to revive the spirit of the humble, and to revive the heart of the contrite ones.'' The reconciliation of God to man, and man to God, is sure when certain conditions are met." — Fundamentals of Christian Education, page 370.   "From the soul that feels his need, nothing is withheld. He has unrestricted access to Him in whom all fullness dwells." — The Desire of Ages, page 300.   2. How closely has God identified Himself with humanity? Acts 17:26 -28.  NOTE:  "The hand of infinite power is perpetually at work guiding this planet. It 25 | P a g e   is God''s power momentarily exercised that keeps it in position in its rotations. The God of heaven is constantly at work It is by His power that vegetation is caused to flourish, that every leaf appears and every flower blooms. It is not as the result of a mechanism, that, once set in motion, continues its work, that the pulse beats, and breath follows breath. In God we live and move and have our being.  Every breath, every throb of the heart, is the continual evidence of the power of an ever -present God." — Ellen G. White Comments, SDA Bible Commentary,  Vol. 6, page 1062.', NULL, NULL, '2025-12-01 17:24:41.855439+00', '2025-12-01 17:24:41.855439+00', NULL, NULL, NULL);
INSERT INTO public.lesson_day (id, lesson_id, day_index, date, title, body_md, memory_verse, audio_asset, created_at, updated_at, study_aim, study_help, introduction) VALUES (43, 14, 4, NULL, 'Whither Shall I Flee From Thy Presence?', '1. Is it possible for man to withdraw himself from the presence of God?  Hebrews 4:13; Jeremiah 23:24; Psalms 139:7 -12.  NOTE:  "If we were to cherish an habitual impression that God sees and hears all that we do and say, and keeps a faithful record of our words and actions, and that we must meet it all, we would fear to sin. Let the young ever remember that wherever they are, and whatever they do, they are in the presence of God. No part of our conduct escapes observation. We cannot hide our ways from the Most High." — Patriarchs and Prophets, page 217.   2. How fully is God acquainted with all our ways? Psalms 139:1 -3; Isaiah 29:15.   NOTE:  "The eye of the Lord is upon all the work, all the plans, all the imaginings of every mind; He sees beneath the surface of things, discerning the thoughts and intents of the heart.  There is not a deed of darkness, not a plan, not an imagination of the heart, not a thought of the mind, but that He reads it as an open book  Every act, every word, every motive, is faithfully chronicled in the records by the great Heart searcher, who said, ''I know thy works.'' " — Testimonies to Ministers, pages 463, 464.   3.  With what else besides our actions is God also fully acquainted?  What accounting must eventually be made?  Psalms 139:4;  Matthew 12:36, 37.   NOTE:  "We are never alone.  We have a Companion, whether we choose Him or not. . . . To your every word and action you have a witness — the holy, sin -hating God.  Nothing that is said or done or thought can escape His infinite eye.  Your words may not be heard by human ears, but they are heard by the Ruler of the universe.  He reads the inward anger of the soul when the will is crossed.  He hears the expressions of profanity.  In the deepest darkness and solitude He is there.  No one can deceive God; none escape from their accountability to Him." — Ellen G. White Comments, SDA Bible Commentary,, Vol. 3 , page 1153.', NULL, NULL, '2025-12-01 17:24:41.855439+00', '2025-12-01 17:24:41.855439+00', NULL, NULL, NULL);
INSERT INTO public.lesson_day (id, lesson_id, day_index, date, title, body_md, memory_verse, audio_asset, created_at, updated_at, study_aim, study_help, introduction) VALUES (44, 14, 5, NULL, 'I Will Never Leave Thee, Nor Forsake Thee', '1. What precious promise has God made to His people? Exodus 33:14; John 26 | P a g e   14:18; Hebrews 13:5.   NOTE:  "The presence of God is guaranteed to the Christian.…. God is near in Christ''s atoning sacrifice, in His intercession, His loving, tender ruling power over the church.  Seated by the eternal throne, He watches them with intense interest.  As long as the members of the church shall through faith draw sap and nourishment from Jesus Christ, and not from man''s opinions and devisings, and methods; if having a conviction of the nearness of God in Christ, they put their entire trust in Him, they will have a vital connection with Christ as the branch has connection with the parent stock." — Sons and Daughters of God, page 77.   2. How does the living God identify Himself with our trials?  Isaiah 43:1, 2;  63:9.  Compare Daniel 6:18 -23;  3:21 -25;  Acts 27:23 -25.  NOTE:  "As in the days of Shadrach, Meshach, and Abednego, so in the closing period of earth''s history the Lord will work mightily in behalf of those who stand steadfastly for the right.  He who walked with the Hebrew worthies into the fiery furnace will be with His followers wherever they are.  His abiding presence will comfort and sustain." — Prophets and Kings, page 513.', NULL, NULL, '2025-12-01 17:24:41.855439+00', '2025-12-01 17:24:41.855439+00', NULL, NULL, NULL);
INSERT INTO public.lesson_day (id, lesson_id, day_index, date, title, body_md, memory_verse, audio_asset, created_at, updated_at, study_aim, study_help, introduction) VALUES (45, 14, 6, NULL, 'For The LORD  Thy God, He It Is That Doth Go With Thee', '1.  What wonderful assurance did Moses give to Joshua and his people? What should they exercise as a result of this promise?  Deuteronomy 4:7; 31:6 -8.  NOTE:  "To His children today, the Lord declares, ''Be strong, . . . and work; for I am with you.''  The Christian always has a strong helper in the Lord.  The way of the Lord''s helping we may not know; but this we do know: He will never fail those who put their trust in Him.  Could Christians realize how many times the Lord has ordered their way, that the purposes of the enemy concerning them might not be accomplished, they would not stumble along complainingly.  Their faith would be stayed on God, and no trial would have the power to move them." — Prophets and Kings, page 576.   2.  What was the secret of Moses'' faith?  Hebrews 11:27.   NOTE:  "When God commanded Moses to do anything, he did it without stopping to consider what the consequences might be.  He gave God credit for wisdom to know what He meant and firmness of purpose to mean what He said; and therefore Moses acted as seeing the Invisible." — Fundamentals of Christian Education, page 346.', NULL, NULL, '2025-12-01 17:24:41.855439+00', '2025-12-01 17:24:41.855439+00', NULL, NULL, NULL);
INSERT INTO public.lesson_day (id, lesson_id, day_index, date, title, body_md, memory_verse, audio_asset, created_at, updated_at, study_aim, study_help, introduction) VALUES (46, 14, 7, NULL, 'I Have Set The LORD  Always Before Me', '1.  What must we do individually if the presence of God is to be a living reality 27 | P a g e   to us?  Psalms 16:8.   NOTE:  If we would have an ever deepening sense of the presence of God, then we must cultivate a proper relationship by setting the Lord always before us.  This requires constant vigilance and practice.  We must: -  1.  Exercise an unwavering faith in the promises of His presence. "God has given us Jesus, and in Him is the revelation of God. Our Redeemer says: ''If a man love Me, he will keep My words: and My Father will love him, and We will come unto him, and make Our abode with him.'' [ John 14:23. ] . . . If we know God and Jesus Christ whom He has sent, unspeakable gladness will come to the soul. Oh, how we need the divine presence!" — Testimonies to Ministers, pages 169, 170.   2.  Christ must be real to us. This is what is meant by setting the Lord always before us. Our joys, our sorrows, our plans, our labours — all must be constantly kept before Him through communion. "We may commune with God in our hearts; we may walk in companionship with Christ. When engaged in our daily labour, we may breathe out our heart''s desire, inaudible to any human ear; but that word cannot die away into silence, nor can it be lost. Nothing can drown the soul''s desire. It rises above the din of the street, above the noise of machinery. It is God to whom we are speaking, and our prayer is heard." — Gospel Workers, page 258.   2.  What effect will a sense of God''s presence have upon our life and character?  2 Corinthians 3:18.   NOTE:  ''It is not by looking away from Him that we imitate the life of Jesus, but by talking of Him, by dwelling upon His perfections, by seeking to refine the taste and elevate the character, by trying, through faith and love, and by earnest, persevering effort, to approach the perfect Pattern. By having a knowledge of Christ --His words, His habits and His lessons of instruction --we borrow the virtues of the character we have so closely studied, and become imbued with the spirit we have so much admired. Jesus becomes to us " the chiefest among ten thousand," the One "altogether lovely."  When the soul is brought into close relationship with the great Author of light and truth, impressions are made upon it revealing its true position before God. Then self will die, pride will be laid low, and Christ will draw His own image in deeper lines upon the soul.'' — Our High Calling , p. 58.              28 | P a g e', NULL, NULL, '2025-12-01 17:24:41.855439+00', '2025-12-01 17:24:41.855439+00', NULL, NULL, NULL);
INSERT INTO public.lesson_day (id, lesson_id, day_index, date, title, body_md, memory_verse, audio_asset, created_at, updated_at, study_aim, study_help, introduction) VALUES (47, 15, 1, NULL, 'MEMORY VERSE:   "And we have known and believed the love that God hath to', 'us. God is love; and he that dwelleth in love dwelleth in God, and God in him." 1 John 4:16.  STUDY HELPS:   First Epistle of John; 1 Corinthians 13; Acts of the Apostles, pages 546-551; Steps to Christ, chapters, "God''s Love for Man," "Test of Discipleship"; SDA Bible Commentary.  STUDY AIM:  To have God''s love planted in the heart, and to realize that this can be accomplished only through the exercise of faith in God''s promises.   INTRODUCTION   "Yes, Christ has said it, and He means just what He says.  He will honour all our drafts if we will grasp His promise by living faith, and put our trust in Him.  Look to Him, and live.  All who obey God are embraced in the prayer which Christ offered to His Father, ''I have declared unto them Thy name, and will declare it: that the love wherewith Thou hast loved Me may be in them, and I in them.''  John 17:26.  29 | P a g e   Wonderful truth, too difficult for humanity to comprehend!" — Selected Messages, Book 1, page 300.   ''Sunday               ''For With Their Mouth They Shew Much Love''   1.  What does the Bible say of the shallowness of what some call "love"? Luke 6:32, 33; Ezekiel 33:31.   NOTE:  "It is true that there may be an outward correctness of deportment without the renewing power of Christ. The love of influence and the desire for the esteem of others may produce a well -ordered life. Self -respect may lead us to avoid the appearance of evil. A selfish heart may perform generous actions. By what means, then, shall we determine whose side we are on?   "Who has the heart? With whom are the thoughts? Of whom do we love to converse? Who has our warmest affections and our best energies? If we are Christ''s our thoughts are with Him, and our sweetest thoughts are of Him." — Steps to Christ , page 58.   2. What did Christ say the people of His day lacked?  John 5:42.   NOTE:  In Christ''s day the professed people of God had made no room in their hearts for His love, therefore they were incapable of loving God in return.   "In rejecting the love of Christ they reject that which alone can impart purity and steadfastness to human love." — Christ''s Object Lessons , page 225.   3. What type of love did Jesus pray for His followers to possess? John 17:26.   NOTE:  "The Lord has made abundant provision that His love may be given to us as His free, abundant grace, as our inheritance in this life, to enable us to diffuse the same by being yoked up with Christ.  Jesus conveys the circulating vitality of a pure and sanctified Christlike love through every part of our human nature.  When this love is expressed in the character, it reveals to all those with whom we associate that it is possible for God to be formed within, the hope of glory." — Fundamentals of Christian Education, page 466.', '"And we have known and believed the love that God hath to us. God is love; and he that dwelleth in love dwelleth in God, and God in him." 1 John 4:16.', NULL, '2025-12-01 17:24:41.855439+00', '2025-12-01 17:24:41.855439+00', NULL, NULL, NULL);
INSERT INTO public.lesson_day (id, lesson_id, day_index, date, title, body_md, memory_verse, audio_asset, created_at, updated_at, study_aim, study_help, introduction) VALUES (48, 15, 3, NULL, 'Love Your Enemies, Bless Them That Curse You', '1.  If we desire to be Christlike, how all -embracing must our love become?  Matthew 5:43 -47.  NOTE:  "The children of God are those who are partakers of His nature.  It is not earthly rank, nor birth, nor nationality, nor religious privilege, which proves that we are members of the family of God; it is love, a love that embraces all humanity.  Even sinners whose hearts are not utterly closed to God''s Spirit, will respond to kindness; 30 | P a g e   while they may give hate for hate, they will also give love for love.  But it is only the Spirit of God that gives love for hatred.  To be kind to the unthankful and to the evil, to do good hoping for nothing again, is the insignia of the royalty of heaven, the sure token by which the children of the Highest reveal their high estate." — Thoughts from the Mount of Blessing, page 75.   2.  What two traits of character are mentioned as particularly desirable in the Christian life?  Galatians 5:6.   NOTE:  "Faith and love are the essential, powerful, working elements of Christian character. Those who possess them are one with Christ, and are carrying forward His mission. . . We are to sit at Christ''s feet as continual learners, and to work with His gifts of faith and love. We shall then wear Christ''s yoke, and lift His burdens, and Christ will recognize us as one with Him; in heaven it will be said, ''Ye are labourers together with God."  — Sons and Daughters of God, page 71.', NULL, NULL, '2025-12-01 17:24:41.855439+00', '2025-12-01 17:24:41.855439+00', NULL, NULL, NULL);
INSERT INTO public.lesson_day (id, lesson_id, day_index, date, title, body_md, memory_verse, audio_asset, created_at, updated_at, study_aim, study_help, introduction) VALUES (49, 15, 4, NULL, 'The Love Of God Is Shed Abroad In Our Hearts By The Holy Ghost', '1. How did God make His marvellous love known to man? John 3:16; Romans 5:6-8. NOTE:  "Not because we first loved Him did Christ love us; but ''while we were yet sinners'' He died for us. He does not treat us according to our desert. Although our sins have merited condemnation, He does not condemn us. . . Notwithstanding our wanderings, our hardness of heart, our neglect of His Holy Word, His hand is stretched out still.   "Grace is an attribute of God exercised toward undeserving human beings. We did not seek for it, but it was sent in search of us." — The Ministry of Healing, page 161.   2. How did we come into possession of God''s love? Romans 5:5.   NOTE:  "It is the work of the Holy Spirit from age to age to impart love to human hearts; for love is the living principle of brotherhood." — Testimonies, Vol. 8, page 139.   "Jesus came to impart to the human soul the Holy Spirit, by which the love of God is shed abroad in the heart; but it is impossible to endow men with the Holy Spirit, who are set in their ideas, whose doctrines are all stereotyped and unchangeable, who are walking after the traditions and commandments of men, as were the Jews in the time of Christ." — Selected Messages, Book 1, page 386.   "The great sin of those who profess to be Christians is that they do not open the heart to receive the Holy Spirit." — Selected Messages, Book 2, page 57.   3. What intimate relationship does love establish?  1 John 4:7, 8.   NOTE:  "True sanctification comes through the working out of the principle of 31 | P a g e   love. ''God is love; and he that dwelleth in love dwelleth in God, and God in him." — The Acts of the Apostles, page 560.  "Pure love is simple in its operations, and separate from every other principle of action. When combined with earthly motives and selfish interests it ceases to be pure.  God considers more with how much love we work, than the amount we do. Love is a heavenly attribute. The natural heart cannot originate it." — Ellen G. White Comments, SDA Bible Commentary,  Vol. 7, page 952.', NULL, NULL, '2025-12-01 17:24:41.855439+00', '2025-12-01 17:24:41.855439+00', NULL, NULL, NULL);
INSERT INTO public.lesson_day (id, lesson_id, day_index, date, title, body_md, memory_verse, audio_asset, created_at, updated_at, study_aim, study_help, introduction) VALUES (55, 16, 3, NULL, 'That They Might Know Thee The Only True God', '1.  For what should God''s children earnestly seek? John 17:3; Job 22:21; Revelation 3:20.  NOTE:  "Through nature and revelation, through His providence, and by the influence of His Spirit, God speaks to us.  But these are not enough; we need also to 35 | P a g e   pour our hearts out to Him. In order to have spiritual life and energy, we must have actual intercourse with our heavenly Father." — Steps to Christ, page 93.   2.  In order to maintain an unbroken fellowship with God, what must we do?  Luke 18:1; Ephesians 6:18; 1 Thessalonians 5:17.   NOTE:  "Our minds may be drawn out toward Him; we may meditate upon His works, His mercies, His blessings; but this is not, in the fullest sense, communing with Him.  In order to commune with God, we must have something to say to Him concerning our actual life. Prayer is the opening of the heart to God, as to a friend." — Steps to Christ, page 93.   "Unceasing prayer is the unbroken union of the soul with God, so that life from God flows into our life; and from our life, purity and holiness flow back to God." — Ibid, page 98.', NULL, NULL, '2025-12-01 17:24:41.855439+00', '2025-12-01 17:24:41.855439+00', NULL, NULL, NULL);
INSERT INTO public.lesson_day (id, lesson_id, day_index, date, title, body_md, memory_verse, audio_asset, created_at, updated_at, study_aim, study_help, introduction) VALUES (50, 15, 5, NULL, 'That We Keep His Commandments', '1. When the love of God dwells in the heart, what will we desire to do? 1 John 2:5, 6; 5:3; 2 John 6.   NOTE:  "But notice here that obedience is not a mere outward compliance, but the service of love.... If our hearts are renewed in the likeness of God, if the divine love is implanted in the soul, will not the law of God be carried out in the life? When the principle of love is implanted in the heart, when man is renewed after the image of Him that created him, the new covenant promise is fulfilled, ''I will put My laws in their hearts, and in their minds will I write them.'' And if the law is written in the heart, will it not shape the life? Obedience — the service and allegiance of love — is the true sign of discipleship." — Steps to Christ, page 60.   2.  What is positive evidence that the love of God has been shed abroad in our hearts? 1 John 4:19 -21.  NOTE:  "Supreme love for God and unselfish love for one another — this is the best gift our heavenly Father can bestow.  This love is not an impulse, but a divine principle, a permanent power.  The unconsecrated heart cannot originate or produce it.  Only in the heart where Jesus reigns is it found.  ''We love Him because He first loved us.''  In the heart renewed by divine grace, love is the ruling principle of action.  It modifies the character, governs the impulses, controls the passions, and ennobles the affections." — The Acts of the Apostles, page 551.', NULL, NULL, '2025-12-01 17:24:41.855439+00', '2025-12-01 17:24:41.855439+00', NULL, NULL, NULL);
INSERT INTO public.lesson_day (id, lesson_id, day_index, date, title, body_md, memory_verse, audio_asset, created_at, updated_at, study_aim, study_help, introduction) VALUES (51, 15, 6, NULL, 'The Love Of Christ Constraineth Us', '1.   What is the proof of true discipleship? John 13:34, 35; 14:15.   NOTE:  ''Christ had bidden the first disciples love one another as He had loved them. Thus they were to bear testimony to the world that Christ was formed within, the hope of glory… After the descent of the Holy Spirit, when the disciples went forth to proclaim a living Saviour, their one desire was the salvation of souls. They rejoiced in the sweetness of communion with saints. They were tender, thoughtful, self-denying, willing to make any sacrifice for the truth''s sake. In their daily association with one another, they revealed the love that Christ had enjoined upon them. By unselfish words and deeds they strove to kindle this love in other hearts.'' — 32 | P a g e   The Acts of the Apostles, p. 547.   2.  What is the compelling motive in service?  2 Corinthians 5:14.   NOTE:  "''The love of Christ,'' said Paul, ''constraineth us.'' 2 Corinthians 5:14. This was the actuating principle of his conduct; it was his motive power. If ever his ardour in the path of duty flagged for a moment, one glance at the cross caused him to gird up anew the loins of his mind, and press forward in the way of self -denial. In his labours for his brethren he relied much upon the manifestations of infinite love in the sacrifice of Christ, with its subduing, constraining power." — The Ministry of Healing, page 500.', NULL, NULL, '2025-12-01 17:24:41.855439+00', '2025-12-01 17:24:41.855439+00', NULL, NULL, NULL);
INSERT INTO public.lesson_day (id, lesson_id, day_index, date, title, body_md, memory_verse, audio_asset, created_at, updated_at, study_aim, study_help, introduction) VALUES (52, 15, 7, NULL, 'Who shall separate us from the love of Christ?', '1.  What attitude, if manifested, shows that the love of God does not possess us?  Contrast this with the attitude of the Master. 1 John 3:17, 18; Matt. 9:36.   NOTE:  "Although the customs of the world are no criterion for us, yet I have been shown that the pitying sympathy and the benevolence of the world for the unfortunate in many cases shame the professed followers of Christ.  Many manifest indifference toward those whom God has thrown among them for the purpose of testing and proving them, and developing what is in their hearts.  God reads.  He marks every act of selfishness, every act of indifference toward the afflicted, the widows and the fatherless; and He writes against their names, ''Guilty, wanting, lawbreakers.''  We shall be rewarded as our works have been." — Testimonies, Vol. 3, pages 524, 525.   2.  What assurance is given that the love of God can sustain us under all circumstances?  Romans 8:35 -39.  NOTE:  "When Christ took human nature upon Him, He bound humanity to Himself by a tie of love that can never be broken by any power save the choice of man himself.  Satan will constantly present allurements to induce us to break this tie — to choose to separate ourselves from Christ.  Here is where we need to watch, to strive, to pray, that nothing may entice  us to choose another master; for we are always free to do this.  But let us keep our eyes fixed upon Christ and He will preserve us.  Looking unto Jesus, we are safe.  Nothing can pluck us out of His hand." — Steps to Christ, page 72.         33 | P a g e', NULL, NULL, '2025-12-01 17:24:41.855439+00', '2025-12-01 17:24:41.855439+00', NULL, NULL, NULL);
INSERT INTO public.lesson_day (id, lesson_id, day_index, date, title, body_md, memory_verse, audio_asset, created_at, updated_at, study_aim, study_help, introduction) VALUES (53, 16, 1, NULL, 'MEMORY VERSE:   "And all things, whatsoever ye shall ask in prayer, believing,', 'ye shall receive." Matthew 21:22.  STUDY HELPS:  Steps to Christ, pages 93 -104; Christ''s Object Lessons,  pages 139 -149; Thoughts From the Mount of Blessing, pages 102 -122; SDA Bible Commentary.  STUDY AIM:   To develop a simple, deep rooted faith in the assurance that God hears the cries of the weakest human being.   INTRODUCTION  The very nature of a genuine Christian experience makes prayer imperative.  Christianity is not a creed, nor is it a set of truths. It is intensely personal. "Christ is Christianity." ( Gospel Workers, pages 282, 283.) Hence a Christian experience is fellowship with Jesus, and this fellowship is established by faith… Fellowship can be 34 | P a g e   maintained only through unbroken communion. This is true of earthly friendships; it is doubly true of our friendship and fellowship with Christ.  Neglect communion, and religion becomes a dry formality.   "It is now that we are to learn this lesson of prevailing prayer, of unyielding faith.  The greatest victories to the church of Christ or to the individual Christian are not those that are gained by talent or education, by wealth, or the favour of men. They are those victories that are gained in the audience chamber of God, when earnest agonizing faith lays hold on the mighty arm of power." — Patriarchs and Prophets, page 203.', '"And all things, whatsoever ye shall ask in prayer, believing, ye shall receive." Matthew 21:22.', NULL, '2025-12-01 17:24:41.855439+00', '2025-12-01 17:24:41.855439+00', NULL, NULL, NULL);
INSERT INTO public.lesson_day (id, lesson_id, day_index, date, title, body_md, memory_verse, audio_asset, created_at, updated_at, study_aim, study_help, introduction) VALUES (54, 16, 2, NULL, 'Our Fellowship Is With The Father', '1. What is the ultimate purpose of the gospel? 1 John 1:3. Compare 1 Corinthians 1:9.   NOTE:  "Never feel that Christ is far away. He is always near . His loving presence surrounds you. Seek Him as one who desires to be found of you. He desires you not only to touch His garments, but to walk with Him in constant communion." — The Ministry of Healing, page 85.   "Wherever we go, there is the recollection of One dear to us. We are abiding in Christ by a living faith. He is abiding in our hearts by our individual appropriating of faith. We have the companionship of the divine presence, and as we realize this presence, our thoughts are brought into captivity to Jesus Christ." — Testimonies to Ministers, page 388.   2. What close relationship exists between God and those who come to Him in faith? John 1:12; 1 John 3:1 -3; Romans 8:16.   NOTE: ''The sacrifice of our Saviour has made ample provision for every repenting, believing soul. We are saved because God loves the purchase of the blood of Christ; and not only will he pardon the repentant sinner, not only will he permit him to enter heaven, but he, the Father of mercies, will wait at the very gates of heaven to welcome us, to give us an abundant entrance to the mansions of the blest. Oh what love, what wondrous love the Father has shown in the gift of his beloved Son for this fallen race! And this Sacrifice is a channel for the outflow of his infinite love, that all who believe on Jesus Christ may, like the prodigal son, receive full and free restoration to the favour of Heaven.'' — Review and Herald,  September 21, 1886.', NULL, NULL, '2025-12-01 17:24:41.855439+00', '2025-12-01 17:24:41.855439+00', NULL, NULL, NULL);
INSERT INTO public.lesson_day (id, lesson_id, day_index, date, title, body_md, memory_verse, audio_asset, created_at, updated_at, study_aim, study_help, introduction) VALUES (56, 16, 4, NULL, 'Let Your Requests Be Made Known Unto God', '1. In order to receive God''s promised gifts and blessings, what are we invited to do?  Luke 11:9, 10.   NOTE:  "The same compassionate Saviour lives today, and He is as willing to listen to the prayer of faith as when He walked visibly among men. The natural co -operates with the supernatural. It is a part of God''s plan to grant us, in answer to the prayer of faith, that which He would not bestow did we not thus ask." — The Great Controversy, page 525.   "Prayer is heaven''s ordained means of success in the conflict with sin and the development of Christian character. The divine influences that come in answer to the prayer of faith will accomplish in the soul of the suppliant all for which he pleads. For the pardon of sin, for the Holy Spirit, for a Christlike temper, for wisdom and strength to do His work, for any gift He has promised, we may ask; and the promise is, ''Ye shall receive.'''''' — The Acts of the Apostles, pages 564.   2. In what spirit should God''s children pray?  Philippians 4:4 -7.  NOTE:  "Never is one repulsed who comes to Him with a contrite heart. Not one sincere prayer is lost.  Amid the anthems of the celestial choir, God hears the cries of the weakest human being. We pour out our hearts desire in our closets, we breathe a prayer as we walk by the way, and our words reach the throne of the Monarch of the universe. They may be inaudible to any human ear, but they cannot die away into silence, nor can they be lost through the activities of business that are going on.  Nothing can drown the soul''s desire. It rises above the din of the street, above the confusion of the multitude, to the heavenly courts. It is God to whom we are speaking, and our prayer is heard." — Christ''s Object Lessons, page 174.  36 | P a g e', NULL, NULL, '2025-12-01 17:24:41.855439+00', '2025-12-01 17:24:41.855439+00', NULL, NULL, NULL);
INSERT INTO public.lesson_day (id, lesson_id, day_index, date, title, body_md, memory_verse, audio_asset, created_at, updated_at, study_aim, study_help, introduction) VALUES (57, 16, 5, NULL, 'If We Ask Any Thing According To His Will, He Heareth Us', '1. What challenging promises of answered prayer has Christ made? Matthew 21:22; Mark 11:24; John 15:7.   NOTE:  "Prayer and faith are closely allied, and they need to be studied together. In the prayer of faith there is a divine science; it is a science that every one who would make his lifework a success must understand. Christ says: ''What things soever ye desire, when ye pray, believe that ye receive them, and ye shall have them.'' Mark 11:24. He makes it plain that our asking must be according to God''s will; we must ask for the things that He has promised, and whatever we receive must be used in doing His will.  The conditions met, the promise is unequivocal." — Education, pages 257, 258.   "Why should the sons and daughters of God be reluctant to pray, when prayer is the key in the hand of faith to unlock heaven''s storehouse, where are treasured the boundless resources of Omnipotence?" — Steps to Christ, pages 94, 95.   2. With what attitude should we approach the Saviour, and what assurance do we have when we come to Him? 1 John 5:14, 15.   NOTE:  "When we come to Him in faith, every petition enters the heart of God.  When we have asked for His blessing, we should believe that we receive it, and thank Him that we have received it. Then we are to go about our duties assured that the blessing will be realized when we need it most."  — The Desire of Ages, page 200.', NULL, NULL, '2025-12-01 17:24:41.855439+00', '2025-12-01 17:24:41.855439+00', NULL, NULL, NULL);
INSERT INTO public.lesson_day (id, lesson_id, day_index, date, title, body_md, memory_verse, audio_asset, created_at, updated_at, study_aim, study_help, introduction) VALUES (58, 16, 6, NULL, 'If Ye Shall Ask Any Thing In My Name', '1.  What secret of answered prayer did Jesus mention? John 14:12 -14; 16:23 -27.  NOTE:  "To pray in Christ''s name means much. It means that we are to accept His character, manifest His spirit, and work His works." — The Desire of Ages, page 668.  "To pray in the name of Jesus is something more than a mere mention of that name at the beginning and the ending of a prayer. It is to pray in the mind and spirit of Jesus, while we believe His promises, rely upon His grace, and work His works." — Steps to Christ, pages 100, 101.   2.  With what must our prayers harmonize?  1 John 5:14.   NOTE:  The will of God can be discovered through a diligent study of the Word of God and the messages of the Spirit of Prophecy. A submissive will is no substitute for a prayerful study of the Bible.   37 | P a g e   3. What help may we claim in making our prayers acceptable and effectual?  Romans 8:26.   NOTE:  "Christ our Mediator, and the Holy Spirit are constantly interceding in man''s behalf, but the Spirit pleads not for us as does Christ who presents His blood, shed from the foundation of the world; the Spirit works upon our hearts, drawing out prayers and penitence, praise and thanksgiving.  The gratitude which flows from our lips is the result of the Spirit striking the cords of the soul in holy memories, awakening the music of the heart." — Ellen G. White Comments, SDA Bible Commentary , Vol. 6, pages 1077, 1078.', NULL, NULL, '2025-12-01 17:24:41.855439+00', '2025-12-01 17:24:41.855439+00', NULL, NULL, NULL);
INSERT INTO public.lesson_day (id, lesson_id, day_index, date, title, body_md, memory_verse, audio_asset, created_at, updated_at, study_aim, study_help, introduction) VALUES (59, 16, 7, NULL, 'Do Those Things That Are Pleasing In His Sight', '1.  To claim God''s answer to our prayers, what must be our attitude? 1 John 3:22; Psalms 66:18.  NOTE:  "All His [God''s] gifts are promised on condition of obedience. God has a heaven full of blessings for those who will co -operate with Him. All who obey Him may with confidence claim the fulfillment of His promises." — Christ''s Object Lessons, page 145.   "Many are forfeiting the condition of acceptance with the Father.  We need to examine closely the deed of trust wherewith we approach God. If we are disobedient, we bring to the Lord a note to be cashed when we have not fulfilled the conditions that would make it payable to us." — Christ''s Object Lessons, page 143.   2.  To assure God''s favourable response to our prayers, what must we exercise?  Hebrews 11:6; James 1:6, 7.   NOTE:  At times God''s answer may be "No" instead of "Yes." Accordingly our petitions should ever include the submissive spirit in "If it be Thy will."   "Faith is an essential element of prevailing prayer. . . With the persevering faith of Jacob, with the unyielding persistence of Elijah, we may present our petitions to the Father, claiming all that He has promised. The honour of His throne is staked for the fulfillment of His Word." — Prophets and Kings, pages 157, 158.              38 | P a g e', NULL, NULL, '2025-12-01 17:24:41.855439+00', '2025-12-01 17:24:41.855439+00', NULL, NULL, NULL);
INSERT INTO public.lesson_day (id, lesson_id, day_index, date, title, body_md, memory_verse, audio_asset, created_at, updated_at, study_aim, study_help, introduction) VALUES (60, 17, 1, NULL, 'MEMORY VERSE:  "Casting all your care upon him; for he careth for you." 1 Peter', '5:7. STUDY HELPS:   Steps to Christ, pages 85 -91; Messages to Young People, page 156; The Acts of the Apostles, pages 153, 154; SDA Bible Commentary.  STUDY AIM:   To develop an adequate concept of the greatness and the love of God in order to have greater confidence in God''s promises of unfailing care and guidance.   39 | P a g e   INTRODUCTION  God can be trusted to care for His own. God will not call to Himself the helpless and needy only to abandon them. This is not the kind of God the Bible presents.  Christianity establishes a parent -child relationship between us and our heavenly Father.  Our Heavenly Parent has all the resources; we, His children, must maintain an attitude of confidence and trust.    "He knows each individual by name, and cares for each as if there were not another upon the earth for whom He gave His beloved Son." — The Ministry of Healing,  page 229.   "We may well have anxiety, and anticipate danger and loss; for it is certain to befall us. But when we really believe that God loves us, and means to do us good, we shall cease to worry about the future. We shall trust God as a child trusts a loving parent. Then our troubles and torments will disappear; for our will is swallowed up in the will of God." — Sons and Daughters of God, page 119.', '"Casting all your care upon him; for he careth for you." 1 Peter 5:7.', NULL, '2025-12-01 17:24:41.855439+00', '2025-12-01 17:24:41.855439+00', NULL, NULL, NULL);
INSERT INTO public.lesson_day (id, lesson_id, day_index, date, title, body_md, memory_verse, audio_asset, created_at, updated_at, study_aim, study_help, introduction) VALUES (61, 17, 2, NULL, 'For The Father Himself Loveth You', '1.  What assurance did Jesus give concerning the Father''s love?  John 16:26, 27.   NOTE:  "One who knows has said, ''The Father Himself loveth you.'' One who has had an experimental knowledge of the length, and breadth, and height, and depth of that love, has declared unto us this amazing fact. . . We are to be one with Him as He is one with the Father, and then we are beloved by the infinite God as members of the body of Christ, as branches of the Living Vine." — Fundamentals of Christian Education, page 178.   2. What does the Apostle Peter admonish God''s people to do? Why? 1 Peter 5:7.  NOTE:  "''Come unto Me,'' is His invitation. Whatever your anxieties and trials, spread out your case before the Lord. Your spirit will be braced for endurance. The way will be opened up for you to disentangle yourself from embarrassment and difficulty. The weaker and more helpless you know yourself to be, the stronger will you become in His strength. The heavier your burdens, the more blessed the rest in casting them upon the Burden Bearer. The rest that Christ offers depends upon conditions, but these conditions are plainly specified. They are those with which all can comply." — The Desire of Ages, page 329.', NULL, NULL, '2025-12-01 17:24:41.855439+00', '2025-12-01 17:24:41.855439+00', NULL, NULL, NULL);
INSERT INTO public.lesson_day (id, lesson_id, day_index, date, title, body_md, memory_verse, audio_asset, created_at, updated_at, study_aim, study_help, introduction) VALUES (62, 17, 3, NULL, 'Shall Keep Your Hearts And Minds Through Christ Jesus', '1. Since God loves and cares, what should we not do?  What should we do?  Philippians 4:6.   NOTE:  "You have not faith and love and confidence in God. If you had, you 40 | P a g e   would trust in Him. You worry yourself out of the arms of Christ, fearing that He will not care for you." — Testimonies, Vol. 1,  page 697.   2. What precious experience will follow implicit trust in God?  Philippians 4:7.   NOTE:  "The Elder Brother of our race is by the eternal throne. He looks upon every soul who is turning his face toward Him as the Saviour. He knows by experience what are the weaknesses of humanity, what are our wants, and where lies the strength of our temptations; for He was in all points tempted like as we are, yet without sin. He is watching over you, trembling child of God. Are you tempted?  He will deliver. Are you weak? He will strengthen. Are you ignorant? He will enlighten. Are you wounded?  He will heal. The Lord ''telleth the number of the stars;'' and yet ''He healeth the broken in heart, and bindeth up their wounds.'' Psalms 147:4, 3." — The Desire of Ages, page 329.', NULL, NULL, '2025-12-01 17:24:41.855439+00', '2025-12-01 17:24:41.855439+00', NULL, NULL, NULL);
INSERT INTO public.lesson_day (id, lesson_id, day_index, date, title, body_md, memory_verse, audio_asset, created_at, updated_at, study_aim, study_help, introduction) VALUES (63, 17, 4, NULL, 'Blessed Is The Man That  Trusteth In Him', '1. How completely do the promises of God cover all our needs? Psalms 84:11;  34:8-10; Philippians 4:19.   NOTE:  "When we take into our hands the management of things with which we have to do, and depend upon our own wisdom for success, we are taking a burden which God has not given us, and are trying to bear it without His aid. We are taking upon ourselves the responsibility that belongs to God, and thus are really putting ourselves in His place." — Sons and Daughters of God, page 119.   2. What temporal necessities has God promised to supply? Matthew 6:25 -32.  NOTE:  The power of God is manifested in the beating of the heart, in the action of the lungs, and in the living currents that circulate through the thousand different channels of the body. We are indebted to Him for every moment of existence, and for all the comforts of life. . . He loads us with His benefits. We are indebted to Him for the food we eat, the water we drink, the clothes we wear, the air we breathe. Without His special providence, the air would be filled with pestilence and poison. He is a bountiful benefactor and preserver.... — Review & Herald,  Sept. 18, 1888.   "We may state to Him our temporal matters, asking Him for bread and raiment as well as for the bread of life and the robe of Christ''s righteousness. . . The gifts of Him who has all power in heaven and earth are in store for the children of God." — Sons and Daughters of God, page 17.', NULL, NULL, '2025-12-01 17:24:41.855439+00', '2025-12-01 17:24:41.855439+00', NULL, NULL, NULL);
INSERT INTO public.lesson_day (id, lesson_id, day_index, date, title, body_md, memory_verse, audio_asset, created_at, updated_at, study_aim, study_help, introduction) VALUES (64, 17, 5, NULL, 'Hath Given Unto Us All Things That Pertain  Unto Life And                          Godliness', '1.  What is our part in God''s plan to provide for our temporal needs? 1 Thessalonians 4:11; Proverbs 10:4.  41 | P a g e    NOTE:  "We are to be vigilant, watching for the coming of the Son of man; and we must also be diligent; working as well as waiting is required; there must be a union of the two. This will balance the Christian character, making it well developed, symmetrical. We should not feel that we are to neglect everything else and give ourselves up to meditation, study, or prayer; neither are we to be full of bustle and hurry and work, to the neglect of personal piety. Waiting and watching and working are to be blended. ''Not slothful in business; fervent in spirit; serving the Lord.'' " — The Adventist Home, page 23.   2.  How completely has our Father provided for our spiritual necessities?  Ephesians 1:3; 2 Peter 1:3, 4.   NOTE:  "We are sustained every moment by God''s care, and upheld by His power. He spreads our tables with food. He gives us peaceful and refreshing sleep... He has given us His word to be a lamp to our feet and a light to our path. In its sacred pages we find the counsels of wisdom; and as oft as we lift our hearts to Him in penitence and faith, He grants us the blessings of His grace. Above all else is the infinite gift of God''s dear Son, through whom flow all other blessings for this life and for the life to come."  —  Review & Herald,  Feb. 9, 1886.', NULL, NULL, '2025-12-01 17:24:41.855439+00', '2025-12-01 17:24:41.855439+00', NULL, NULL, NULL);
INSERT INTO public.lesson_day (id, lesson_id, day_index, date, title, body_md, memory_verse, audio_asset, created_at, updated_at, study_aim, study_help, introduction) VALUES (65, 17, 6, NULL, 'The LORD  Shall Guide Thee Continually', '1. How did Jeremiah state man''s universal need? For what did he pray?  Jeremiah 10:23, 24.   NOTE:  "God''s Word sheds an unerring light upon the pathway of man''s life.  Notwithstanding the many influences which arise to divert and distract the mind, those who honestly seek God for wisdom, will be guided into the right course." — Testimonies, Vol. 5, page 247.   2.  How intimate and personal is God''s promised guidance? Psalms 32:8; Isaiah 58:11.   NOTE:  "Our heavenly Father is our Ruler, and we must submit to His discipline. We are members of His family. He has a right to our service. . . Whatever path God chooses for us, whatever way He ordains for our feet. . . With childlike submission as obedient children, we must look to God, to follow His guidance, and difficulties will clear away. The promise is ''I will instruct thee and teach thee.'' " — Sons and Daughters of God, page 175.   3.  How specifically does God promise to guide each of His children? Isaiah 30:21.   NOTE:  "God desires to bring men into direct relation with Himself. In all His 42 | P a g e   dealings with human beings He recognizes the principle of personal responsibility. He seeks to encourage a sense of personal dependence and to impress the need of personal guidance. He desires to bring the human into association with the divine, that men may be transformed into the divine likeness. Satan works to thwart this purpose. He seeks to encourage dependence upon men. When minds are turned away from God, the tempter can bring them under his rule. He can control humanity." — The Ministry of Healing, pages 242, 243.', NULL, NULL, '2025-12-01 17:24:41.855439+00', '2025-12-01 17:24:41.855439+00', NULL, NULL, NULL);
INSERT INTO public.lesson_day (id, lesson_id, day_index, date, title, body_md, memory_verse, audio_asset, created_at, updated_at, study_aim, study_help, introduction) VALUES (66, 17, 7, NULL, 'He Will Guide You Into All Truth', '1.  In order to experience the constant guidance of God, what attitude must we maintain? Proverbs 3:6.   NOTE:  "Too many, in planning for a brilliant future, make an utter failure. Let God plan for you. As a little child trust to the guidance of Him who will ''keep the feet of His saints.'' 1 Samuel 2:9. God never leads His children otherwise than they would choose to be led, if they could see the end from the beginning and discern the glory of the purpose which they are fulfilling as coworkers with Him." — The Ministry of Healing, page 479.   2.  What specific agencies does God employ in guiding His children? Psalms 119:105;  John 16:13.   NOTE:  "There are three ways in which the Lord reveals His will to us, to guide us.... God reveals His will to us in His Word, the Holy Scriptures.  His voice is also revealed in His providential workings; and it will be recognized if we do not separate our souls from Him by walking in our own ways, doing according to our own wills, and following the promptings of an unsanctified heart.... Another way in which God''s voice is heard, is through the appeals of His Holy Spirit, making impressions upon the heart, which will be wrought out in the character." — Messages to Young People, page 156.', NULL, NULL, '2025-12-01 17:24:41.855439+00', '2025-12-01 17:24:41.855439+00', NULL, NULL, NULL);
INSERT INTO public.lesson_day (id, lesson_id, day_index, date, title, body_md, memory_verse, audio_asset, created_at, updated_at, study_aim, study_help, introduction) VALUES (67, 18, 1, NULL, 'MEMORY VERSE:  "Nevertheless I tell you the truth; It is expedient for you that I', 'go away: for if I go not away, the Comforter will not come unto you; but if I depart, I will send him unto you." John 16:7.  STUDY HELPS:   The Desire of Ages, pages 668 -672; Testimonies, Vol. 8, pages 19 -23; The Acts of the Apostles, pages 47 -56; SDA Bible Commentary.  43 | P a g e   STUDY AIM:  To accept the promised Spirit as indispensable to our salvation and to the finishing of God''s work.   INTRODUCTION   "The promise of the Holy Spirit is not limited to any age or to any race. Christ declared that the divine influence of His Spirit was to be with His followers unto the end. From the day of Pentecost to the present time, the Comforter has been sent to all who have yielded themselves fully to the Lord and to His service. To all who have accepted Christ as a personal Saviour, the Holy Spirit has come as a counsellor, sanctifier, guide, and witness." — The Acts of the Apostles, page 49.   "The great sin of those who profess to be Christians is that they do not open the heart to receive the Holy Spirit." — Selected Messages, Book 2, page 57.', '"Nevertheless I tell you the truth; It is expedient for you that I go away: for if I go not away, the Comforter will not come unto you; but if I depart, I will send him unto you." John 16:7.', NULL, '2025-12-01 17:24:41.855439+00', '2025-12-01 17:24:41.855439+00', NULL, NULL, NULL);
INSERT INTO public.lesson_day (id, lesson_id, day_index, date, title, body_md, memory_verse, audio_asset, created_at, updated_at, study_aim, study_help, introduction) VALUES (68, 18, 2, NULL, 'When He, The Spirit Of Truth, Is Come', '1. Why was it necessary for Christ to go away?  John 16:7.   NOTE:  "The Holy Spirit is Christ''s representative, but divested of the personality of humanity, and independent thereof. Cumbered with humanity, Christ could not be in every place personally. Therefore it was for their interest that He should go to the Father, and send the Spirit to be His successor on earth. No one could then have any advantage because of his location or his personal contact with Christ. By the Spirit the Saviour would be accessible to all. In this sense He would be nearer to them than if He had not ascended in high." — The Desire of Ages, page 669.  2. Why was it necessary for the Holy Spirit to come? John 15:26; 16:12 -14.  NOTE:  "The Holy Spirit was the highest of all gifts that He could solicit from His father for the exaltation of His people. The Spirit was to be given as a regenerating agent, and without this the sacrifice of Christ would have been of no avail.... Sin could be resisted and overcome only through the mighty agency of the Third Person of the Godhead, who would come with no modified energy, but in the fullness of divine power. It is the Spirit that makes effectual what has been wrought out by the world''s Redeemer." — The Desire of Ages, page 671.', NULL, NULL, '2025-12-01 17:24:41.855439+00', '2025-12-01 17:24:41.855439+00', NULL, NULL, NULL);
INSERT INTO public.lesson_day (id, lesson_id, day_index, date, title, body_md, memory_verse, audio_asset, created_at, updated_at, study_aim, study_help, introduction) VALUES (69, 18, 3, NULL, 'There Came A Sound From Heaven As Of A Rushing Mighty Wind', '1. What specific work would the Holy Spirit accomplish in the world? John 16:8-11.  NOTE:  "The preaching of the Word will be of no avail without the continual presence and aid of the Holy spirit. This is the only effectual teacher of divine truth. Only when the truth is accompanied to the heart by the Spirit will it quicken the 44 | P a g e   conscience or transform the life. One might be able to present the letter of the Word of God, he might be familiar with all its commands and promises; but unless the Holy Spirit sets home the truth, no souls will fall on the Rock and be broken. No amount of education, no advantages, however great, can make one a channel of light without the co-operation of the Spirit of God." — The Desire of ages, pages 671, 672.   2. What promise did Christ make? When and how was the promise fulfilled?  Acts 1:4, 5; 2:1 -7, 33.   NOTE:  "On the day of Pentecost Christ gave His disciples the Holy Spirit as their Comforter. He was ever to abide with His church….. The Spirit had been waiting for the crucifixion, resurrection, and ascension of Christ. For ages prayers had been offered for the fulfillment of the promise, for the impartation of the Spirit; and not one of these earnest supplications had been forgotten. Now for ten days the disciples sent up their petitions, and Christ in heaven added His intercession. He claimed the gift of the Spirit, that He might pour it out upon His people.... [Christ] having reached His throne, the Spirit was given as He had promised, and like a rushing, mighty wind, it fell upon those assembled, filling the whole house." — Manuscript 44 , 1898.', NULL, NULL, '2025-12-01 17:24:41.855439+00', '2025-12-01 17:24:41.855439+00', NULL, NULL, NULL);
INSERT INTO public.lesson_day (id, lesson_id, day_index, date, title, body_md, memory_verse, audio_asset, created_at, updated_at, study_aim, study_help, introduction) VALUES (70, 18, 4, NULL, 'Ye Shall Receive The Gift Of The Holy Ghost', '1. To whom is the promise of the Holy Spirit assured? Acts 2:36 -39.  NOTE:  "To us today, as verily as to the first disciples, the promise of the Spirit belongs. God will today endow men and women with power from above, as He endowed those who on the Day of Pentecost heard the word of salvation. At this very hour His Spirit and His grace are for all who heed them and will take Him at His word." — Testimonies, Vol. 8, page 20.   2. What evidence does the Bible record of the Spirit''s control in the early church? Acts 5:3, 9; 13:2, 4; 16:6, 7.   NOTE:  ''The circumstances connected with the separation of Paul and Barnabas by the Holy Spirit to a definite line of service show clearly that the Lord works through appointed agencies in His organized church….. When the divine commission given at that time was to be more fully carried out, the Holy Spirit, again bearing witness concerning Paul as a chosen vessel to bear the gospel to the Gentiles, laid upon the church the work of ordaining him and his fellow labourer. As the leaders of the church in Antioch "ministered to the Lord, and fasted, the Holy Ghost said, Separate Me Barnabas and Saul for the work whereunto I have called them."'' —  The Acts of The Apostles , p.  162.', NULL, NULL, '2025-12-01 17:24:41.855439+00', '2025-12-01 17:24:41.855439+00', NULL, NULL, NULL);
INSERT INTO public.lesson_day (id, lesson_id, day_index, date, title, body_md, memory_verse, audio_asset, created_at, updated_at, study_aim, study_help, introduction) VALUES (71, 18, 5, NULL, 'We Are The Children Of God', '45 | P a g e   1. Of what is the indwelling of the Holy Spirit an evidence? Romans 8:9, 14 -16.  NOTE:  ''The fragrance of the life, the loveliness of the character, reveal to the world the fact that they are children of God. Men take knowledge of them that they have been with Jesus. "Everyone that loveth is born of God." "If any man have not the Spirit of Christ, he is none of His;" but "as many as are led by the Spirit of God, they are the sons of God." 1 John 4:7; Romans 8:9, 14.'' — Mount of Blessing , p. 28.   2. Through what agency alone is godly living possible? What will be the evidence? Galatians 5:16, 22, 23; Romans 8:1, 2, 10 -13.  NOTE:  "It is by the Spirit that the heart is made pure. Through the Spirit the believer becomes a partaker of the divine nature. Christ has given His Spirit as a divine power to overcome all hereditary and cultivated tendencies to evil, and to impress His own character upon His church." — The Desire of Ages, page 671.', NULL, NULL, '2025-12-01 17:24:41.855439+00', '2025-12-01 17:24:41.855439+00', NULL, NULL, NULL);
INSERT INTO public.lesson_day (id, lesson_id, day_index, date, title, body_md, memory_verse, audio_asset, created_at, updated_at, study_aim, study_help, introduction) VALUES (72, 18, 6, NULL, 'Filled With The Spirit', '1. What positive command is given to the believers? What preparatory work must take place? Ephesians 5:18; Acts 2:38.   NOTE:  "To Jesus, who emptied Himself for the salvation of lost humanity, the Holy spirit was given without measure. So it will be given to every follower of Christ when the whole heart is surrendered for His indwelling. Our Lord Himself has given the command, ''Be filled with the Spirit,'' and this command is also a promise of the fulfillment." — Sons and Daughters of God, page 31.   2.  How are we to receive this precious gift? Galatians 3:14.   NOTE:  ''Like every other promised gift, the Holy Spirit must be appropriated by faith.  There is no other way. Here is where we are prone to fail. Hence, the power of God continues to await our demand and reception. "This promised blessing, claimed by faith, brings all other blessings in its train."'' — The Desire of Ages , page 672.   "In the great and measureless gift of the Holy Spirit are contained all of heaven''s resources. It is not because of any restrictions on the part of God that the riches of His    grace do not flow earthward to men. If all were willing to receive, all would become filled with His Spirit." — Christ''s Object Lessons, page 419.', NULL, NULL, '2025-12-01 17:24:41.855439+00', '2025-12-01 17:24:41.855439+00', NULL, NULL, NULL);
INSERT INTO public.lesson_day (id, lesson_id, day_index, date, title, body_md, memory_verse, audio_asset, created_at, updated_at, study_aim, study_help, introduction) VALUES (73, 18, 7, NULL, 'Ask ye of the LORD  rain in the time of the latter rain', '1.  What command did Christ give to His followers before returning to heaven?  Matthew 28:18 -20; Acts 1:8; Zechariah 4:6.   46 | P a g e   NOTE:  "To us also the promise of Christ''s abiding presence is given.... He is with us as truly today as He was with the disciples, and He will be with us ''even unto the end.'' " — Testimonies, Vol. 8, page 17. (Emphasis supplied ).   "Where there is no active labour for others, love wanes and faith grows dim." — The Desire of Ages, page 825.   "The lapse of time has wrought no change in Christ''s parting promise to send the Holy Spirit as His representative.... If all were willing, all would be filled with the Spirit. Wherever the need of the Holy Spirit is a matter little thought of, there is seen spiritual drought, spiritual darkness, and spiritual declension and death. Whenever minor matters occupy the attention, the divine power which is necessary for the growth and prosperity of the church, and which would bring all other blessings in its train, is lacking, though offered in infinite plenitude." — The Acts of the Apostles, page 50.   2.  What is to prepare the way for the outpouring of the Holy Spirit in the latter rain for the finishing of God''s work? Joel 2:12, 13, 28. Compare Acts 1:14; 2:1.   NOTE:  "A revival of true godliness among us is the greatest and most urgent of all our needs. To seek this should be our first work." — Selected Messages, Book 1, page 121.   "If Satan had his way there would never be another awakening, great or small, to the end of time. But we are not ignorant of his devices. It is possible to resist his power.  When the way is prepared for the Spirit of God, the blessing will come." — Ibid, page 124.  Re -read also note under question 10.   3.  For what should the people of God pray at this time? Luke 11:13; Zechariah 10:1.   NOTE:  ''My brethren and sisters, plead for the Holy Spirit. God stands back of every promise He has made. With your Bibles in your hands, say: ''I have done as Thou hast said. I present Thy promise, "Ask, and it shall be given unto you; seek, and ye shall find; knock, and it shall be opened unto you."''  — Testimonies, Vol. 8, page 23.', NULL, NULL, '2025-12-01 17:24:41.855439+00', '2025-12-01 17:24:41.855439+00', NULL, NULL, NULL);
INSERT INTO public.lesson_day (id, lesson_id, day_index, date, title, body_md, memory_verse, audio_asset, created_at, updated_at, study_aim, study_help, introduction) VALUES (74, 19, 1, NULL, 'MEMORY VERSE:   "And the work of righteousness shall be peace; and the effect', 'of righteousness quietness and assurance for ever." Isaiah 32:17.  STUDY HELPS:  Steps to Christ, chapters, "Consecration," "Faith and Acceptance," 47 | P a g e   and "Growing Up Into Christ"; SDA Bible Commentary; SDA Bible Dictionary.  STUDY AIM:   To know the necessity and possibility of making our "calling and election sure."  INTRODUCTION       "But even here Christians may have the joy of communion with Christ; they may have the light of His love, the perpetual comfort of His presence. Every step in life may bring us closer to Jesus, may give us a deeper experience of His love, and may bring us one step nearer to the blessed home of peace. Then let us not cast away our confidence, but have firm assurance, firmer than ever before…. Let us keep fresh in our memory all the tender mercies that God has shown us --the tears He has wiped away, the pains He has soothed, the anxieties removed, the fears dispelled, the wants supplied, the blessings bestowed, --thus strengthening ourselves for all that is before us through the remainder of our pilgrimage." — Steps to Christ , p. 125.', '"And the work of righteousness shall be peace; and the effect of righteousness quietness and assurance for ever." Isaiah 32:17.', NULL, '2025-12-01 17:24:41.855439+00', '2025-12-01 17:24:41.855439+00', NULL, NULL, NULL);
INSERT INTO public.lesson_day (id, lesson_id, day_index, date, title, body_md, memory_verse, audio_asset, created_at, updated_at, study_aim, study_help, introduction) VALUES (75, 19, 2, NULL, 'Give Diligence To Make Your Calling And Election Sure', '1. What urgent counsel does the Apostle Peter give believers?  2 Peter 1:10, 11.   NOTE:  "There could be no such thing as one not prepared for heaven entering heaven. There is no such thing as a human being sanctified and fitted for the heavenly kingdom not having an election to that kingdom. God elects those who have been working on the plan of addition… For every human being, Christ has paid the election price. No one need be lost. All have been redeemed. To those who receive Christ as a personal Saviour will be given power to become the sons and daughters of God. An eternal life insurance policy has been provided for all." — Letter 53 , 1904.     2. When the Thessalonians received the gospel, what effect did it have upon them?  1 Thessalonians 1:5.   NOTE:  The Thessalonians witnessed in the lives of Paul and his companions a full demonstration of the gospel as the "power of God unto salvation."  "For our gospel came not unto you in word only, but also in power, and in the Holy Ghost, and in much assurance;... so that ye were ensamples to all that believe.... For from you sounded out the word of the Lord... in every place." — Medical Ministry,  p.  307.', NULL, NULL, '2025-12-01 17:24:41.855439+00', '2025-12-01 17:24:41.855439+00', NULL, NULL, NULL);
INSERT INTO public.lesson_day (id, lesson_id, day_index, date, title, body_md, memory_verse, audio_asset, created_at, updated_at, study_aim, study_help, introduction) VALUES (76, 19, 3, NULL, 'For I Know Whom I Have Believed', '1. How did the Apostle Paul testify to the full assurance in his heart? 2 Timothy  1:12; Romans 8:38, 39.   NOTE:  "Paul never doubted the ability of God or His willingness to give him the grace he needed to live the life of a Christian.... He does not live under a cloud of doubt, groping his way in the mist and darkness of uncertainty, complaining of 48 | P a g e   hardship and trials. A voice of gladness, strong with hope and courage, sounds all along the line down to our time. Paul had a healthful religious experience. The love of Christ was his grand theme, and the constraining power that governed him." — Conflict and Courage , p. 352.    2.  Of what was the Apostle John absolutely certain? What was the evidence? 1 John 3:2, 14.   NOTE:   ''Jesus loves those who represent the Father, and John could talk of the Father''s love as no other of the disciples could. He revealed to his fellow men that which he felt in his own soul, representing in his character the attributes of God. The glory of the Lord was expressed in his face. The beauty of holiness which had transformed him shone with a Christlike radiance from his countenance. In adoration and love he beheld the Saviour until likeness to Christ and fellowship with Him became his one desire, and in his character was reflected the character of his Master…. "Behold," he said, "what manner of love the Father hath bestowed upon us, that we should be called the sons of God.... Beloved, now are we the sons of God, and it doth not yet appear what we shall be: but we know that, when He shall appear, we shall be like Him; for we shall see Him as He is." 1 John 3:1, 2.'' — The Acts of the Apostles , p. 545.', NULL, NULL, '2025-12-01 17:24:41.855439+00', '2025-12-01 17:24:41.855439+00', NULL, NULL, NULL);
INSERT INTO public.lesson_day (id, lesson_id, day_index, date, title, body_md, memory_verse, audio_asset, created_at, updated_at, study_aim, study_help, introduction) VALUES (77, 19, 4, NULL, 'Draw Near With A True Heart In Full Assurance Of Faith', '1.  What will the exercise of faith in God''s promises and provisions generate?  Hebrews 10:22; Romans 4:19 -21.  NOTE:  Assurance is generated by faith, deepened by hope (Hebrews 6:11; Romans 5:5), and confirmed by love (1 John 3:14).   "Every promise in the Word of God furnishes us with subject matter for prayer, presenting the pledged word of Jehovah as our assurance. Whatever spiritual blessing we need, it is our privilege to claim through Jesus. We may tell the Lord, with the simplicity of a child, exactly what we need." — Thoughts From the Mount of Blessing, page 133.   2.  In order to be fully persuaded as to what is truth, what must be our attitude?  John 7:17.   NOTE:  "If you would know the mystery of godliness, you must follow the plain word of truth — feeling or no feeling, emotion or no emotion. Obedience must be rendered from a sense of principle, and the right must be pursued under all circumstances. This is the character that is elected of God unto salvation." — Fundamentals of Christian Education, page 125.   "Disguise it as they may, the real cause of doubt and skepticism, in most cases, is the love of sin. The teachings and restrictions of God''s Word are not welcome to the proud, sin -loving heart, and those who are unwilling to obey its requirements are 49 | P a g e   ready to doubt its authority." — Steps to Christ, page 111.', NULL, NULL, '2025-12-01 17:24:41.855439+00', '2025-12-01 17:24:41.855439+00', NULL, NULL, NULL);
INSERT INTO public.lesson_day (id, lesson_id, day_index, date, title, body_md, memory_verse, audio_asset, created_at, updated_at, study_aim, study_help, introduction) VALUES (78, 19, 5, NULL, 'He That Saith He Abideth In Him Ought Himself Also So To Walk', '1.  In order to enjoy full and abiding assurance, what wonderful provision of the gospel must we see clearly? Romans 5:1.   NOTE:  A faulty understanding of the doctrine of justification often results in uncertainty about one''s Christian experience.  If we would cherish deep and abiding assurance in our hearts, then we must see clearly that Christ''s work, and His alone, is the ground of our acceptance with God. Here, human effort can contribute nothing, either directly or indirectly. For justification, through which we become the children of God, our essential part is the exercise of faith. Justification is a perfect, finished work, and admits of no degrees. The Bible uses four expressions in speaking of justification:   a.  "Being justified freely by His grace." Romans 3:24. This is the source  of our justification. If God were not graciously disposed toward sinners there could be no reconciliation.   b.  "Much more then, being now justified by His blood." Romans 5:9. The blood is the means  by which we are justified. The blood was the purchase price of our redemption.   c.  "Therefore being justified by faith." Romans 5:1. Faith is the method of receiving  justification, which has been graciously provided through the blood of the Son of God.   d.  "Ye see then how that by works a man is justified." James 2:24. Our works, our manner of living, constitute the evidence of our justification which has been freely and solely wrought by God.   Justification depends, not upon us, but upon the infinite God, who has promised and knows how to perform. "For ye are all the children of God by faith in Christ Jesus." Galatians 3:26. This brings deep and abiding assurance.   2. To enjoy continuing assurance, what must the justified believer henceforth do? 1 John 2:6; Colossians 2:6.   NOTE:  Nothing will destroy peace of conscience and assurance more effectively than an inconsistent life. A child of God must make a clean break with everything he knows to be out of harmony with God''s will. Failure to do this is to court a troubled heart and risk ultimate loss.   "Now that you have given yourself to Jesus, do not draw back, do not take yourself away from Him, but day by day say, ''I am Christ''s; I have given myself to Him''; and ask Him to give you His Spirit, and keep you by His grace. As it is by giving yourself to God, and believing Him, that you become His child, so you are to live in Him." — Steps to Christ, page 52.   50 | P a g e', NULL, NULL, '2025-12-01 17:24:41.855439+00', '2025-12-01 17:24:41.855439+00', NULL, NULL, NULL);
INSERT INTO public.lesson_day (id, lesson_id, day_index, date, title, body_md, memory_verse, audio_asset, created_at, updated_at, study_aim, study_help, introduction) VALUES (79, 19, 6, NULL, 'We Are The Children Of God', '1.  If we have opened our hearts fully to Jesus, of what may we be sure? John 1:12; Romans 8:16, 17; 1 John 3:1, 2.   NOTE:  "Divine sonship is not something that we gain of ourselves. Only to those who receive Christ as their Saviour is given the power to become sons and daughters of God. The sinner cannot, by any power of his own, rid himself of sin.... Christ alone has power to cleanse the heart.... But the promise of sonship is made to all who ''believe on His name,''" — Sons and Daughters of God, page 12.  "How can we ever be in doubt and uncertainty, and feel that we are orphans? It was in behalf of those who had transgressed the law that Jesus took upon Him human nature; He became like unto us, that we might have everlasting peace and assurance." — Thoughts From the Mount of Blessing, page 104.   2.  If we have truly confessed our sins, of what may we be certain? 1 John 1:9; Isaiah 43:25; Psalms 103:12.   NOTE:  From the Bible account of Jesus healing the sick we may learn how to believe in Him for the forgiveness of sins. The paralytic of Bethesda was helpless; he had not used his limbs for thirty -eight years. Jesus bade him, "Rise, take up thy bed, and walk." The sick man might have said, "Lord, if Thou wilt make me whole, I will obey Thy word." But no, he believed Christ''s word, believed that he was made whole, and he made the effort at once; he willed to walk, and he did walk. He acted on Christ''s word, and God gave the power.', NULL, NULL, '2025-12-01 17:24:41.855439+00', '2025-12-01 17:24:41.855439+00', NULL, NULL, NULL);
INSERT INTO public.lesson_day (id, lesson_id, day_index, date, title, body_md, memory_verse, audio_asset, created_at, updated_at, study_aim, study_help, introduction) VALUES (93, 21, 6, NULL, 'What Manner Of Persons  Ought Ye To Be', '1. What effect will genuine faith in the promise of Christ''s return have upon the life of the believer? 1 John 3:3; 2 Peter 3:11, 14.  60 | P a g e    NOTE:  "The religion of Christ means more than the forgiveness of sin; it means taking away our sins, and filling the vacuum with the graces of the Holy Spirit. It means divine illumination, rejoicing in God. It means a heart emptied of self, and blessed with the abiding presence of Christ. When Christ reigns in the soul, there is purity, freedom from sin. The glory, the fullness, the completeness of the gospel plan is fulfilled in the life. The acceptance of the Saviour brings a glow of perfect peace, perfect love, perfect assurance. The beauty and fragrance of the character of Christ revealed in the life testifies that God has indeed sent His Son into the world to be its Saviour." — Christ''s Object Lessons, pages 419, 420.   2.  If we really believe that Christ is soon to return, what will we purpose to do?  Matthew 24:14; John 9:4.   NOTE:  "My heart is often burdened because so many who might work are doing nothing.... Every church member who has a knowledge of the truth is expected to work while the day lasts; for the night cometh wherein no man can work. Erelong we shall understand what that night means." — Testimonies, Vol. 9, page 26.', NULL, NULL, '2025-12-01 17:24:41.855439+00', '2025-12-01 17:24:41.855439+00', NULL, NULL, NULL);
INSERT INTO public.lesson_day (id, lesson_id, day_index, date, title, body_md, memory_verse, audio_asset, created_at, updated_at, study_aim, study_help, introduction) VALUES (80, 19, 7, NULL, 'This Is The Victory That Overcometh The World, Even  Our Faith', '1.  If we remain fully surrendered to Christ, of what glorious provision may we be assured? Philippians 1:6; 1 John 5:4; 2 Corinthians 2:14.   NOTE:  "Let no one despair of gaining the victory. Victory is sure when self is surrendered to God." — Ellen G. White Comments, SDA Bible Commentary , Vol. 1, page 1095.   "The great Captain of our salvation has conquered in our behalf, that through Him we might conquer, if we would, in our own behalf. But Christ saves none against their choice; He compels none to obedience. He made the infinite sacrifice that they might overcome in His name, and His righteousness be imputed unto them." — Testimonies, Vol. 3, page 457.   2.  If we accept the provisions God has made for our salvation, of what may we cherish full assurance? 1 John 5:11 -13; 1 Peter 1:3 -5.  NOTE:  "It was at the cross that mercy and truth met together, that righteousness and truth kissed each other.... Show that the life of Christ reveals an infinitely perfect 51 | P a g e   character. Teach that ''as many as received Him, to them gave He power to become the sons of God, even to them that believe on His name.'' John 1:12. Tell it over and over again. We may become the sons of God, members of royal family, children of the heavenly King. Let it be known that all who accept Jesus Christ and hold the beginning of their confidence firm to the end will be heirs of God and joint heirs with Christ, ''To an inheritance incorruptible, and undefiled, and that fadeth not away, reserved in heaven for you, who are kept by the power of God through faith unto salvation ready to be revealed in the last time.'' 1 Peter 1:4, 5." — Testimonies, Vol. 6, pages 59, 60.', NULL, NULL, '2025-12-01 17:24:41.855439+00', '2025-12-01 17:24:41.855439+00', NULL, NULL, NULL);
INSERT INTO public.lesson_day (id, lesson_id, day_index, date, title, body_md, memory_verse, audio_asset, created_at, updated_at, study_aim, study_help, introduction) VALUES (81, 20, 1, NULL, 'MEMORY VERSE:   "For whatsoever is born of God overcometh the world: and', 'this is the victory that overcometh  the world, even our faith." 1 John 5:4 .  STUDY HELPS:  Early Writings, pages 145 -147; The Great Controversy, pages 52 | P a g e   492-504; Patriarchs and Prophets, pages 33 -43; Testimonies to Ministers, pages 516 -520. STUDY AIM:   To discover the provisions God has made for complete victory over sin.  INTRODUCTION   Every human being is involved in the great controversy between Christ and Satan.  We are on one side or the other. There is no "no -man''s land" in this conflict. Neither is it possible to give allegiance to both sides. Jesus declared unequivocally, "He that is not with Me is against Me." Thus, any who surrender to the claims of Christ became involved in the bitter conflict between right and wrong, good and evil, Christ and Satan. This is no sham battle; it is real warfare, because our "adversary the devil, as a roaring lion, walketh about, seeking whom he may devour." 1 Peter 5:8.   But just as conflict with evil is a certainty, so also is the promise of victory through the name of our blessed Christ. His strong arm "hath gotten Him the victory." The cross settled the issue. The echo of His precious promise is heard down through the corridors of time: "These things I have spoken unto you that in Me ye might have peace. In the world ye shall have tribulation: but be of good cheer; I have overcome the world." John 16:33. In His victory we shall discover ours: "Nay, in all these things we are more than conquerors through Him that loved us." Romans 8:37.', '"For whatsoever is born of God overcometh the world: and this is the victory that overcometh  the world, even our faith." 1 John 5:4 .', NULL, '2025-12-01 17:24:41.855439+00', '2025-12-01 17:24:41.855439+00', NULL, NULL, NULL);
INSERT INTO public.lesson_day (id, lesson_id, day_index, date, title, body_md, memory_verse, audio_asset, created_at, updated_at, study_aim, study_help, introduction) VALUES (82, 20, 2, NULL, 'And There Was War In Heaven', '1.  Where, and with whom did the great controversy between good and evil originate? Revelation 12:7 -9.  NOTE:  "It was the joy of the heavenly host to fulfill the purpose of their Creator. They delighted in reflecting His glory and showing forth His praise. And while love to God was supreme, love for one another was confiding and unselfish. There was no note of discord to mar the celestial harmonies. But a change came over this happy estate. There was one who perverted the freedom that God had granted to His creatures. Sin originated with him, who, next to Christ, had been most honoured by God, and was highest in power and glory among the inhabitants of heaven." — Patriarchs and Prophets, page 35.   2.   What were the devastating results of Satans being cast down to this earth? Genesis 3:1 -8, 23, 24; Romans 5:12.   NOTE:  ''When this earth was created by Christ, it was holy and beautiful. God pronounced it "very good."…. But a change has come. Sin has brought decay, deformity, and death. Today the whole world is tainted, corrupted, stricken with a mortal disease. The earth groans under the continual transgression of the inhabitants thereof…. Human beings have degenerated. One after another they fall under the curse, because sin has entered the world, and death by sin… In consequence the mind 53 | P a g e   becomes more and more darkened by the atmosphere which is malarious because of the perpetuating of Adam''s sin…. Man has lost the reflection of God''s character…. This calamity is well -nigh universal. There is no place upon earth where the track of the serpent is not seen and his venomous sting felt. The whole earth is defiled….. Satan has come down with great power to work with the children of men. Their senses are perverted by his schemes.'' — The Bible Echo,  May 21, 1900.', NULL, NULL, '2025-12-01 17:24:41.855439+00', '2025-12-01 17:24:41.855439+00', NULL, NULL, NULL);
INSERT INTO public.lesson_day (id, lesson_id, day_index, date, title, body_md, memory_verse, audio_asset, created_at, updated_at, study_aim, study_help, introduction) VALUES (83, 20, 3, NULL, 'God So Loved The World, That He Gave His Only Begotten Son', '1. What great plan for man''s redemption was immediately available? John 3:16; Ephesians 1:7.   NOTE:  "The Son of God, heaven''s glorious Commander, was touched with pity for the fallen race. His heart was moved with infinite compassion as the woes of the lost world rose up before Him. But divine love had conceived a plan whereby man might be redeemed. The broken law of God demanded the life of the sinner. In all the universe there was but one who could, in behalf of man, satisfy its claims. Since the divine law is as sacred as God Himself, only one equal with God could make atonement for its transgression. None but Christ could redeem fallen man from the curse of the law, and bring him again into harmony with Heaven." — Patriarchs and Prophets, page 63.   2. What is Satan''s attitude toward those who have surrendered to Christ?  What is the cause of this conflict? 1 Peter 5:8. Compare Ephesians 6:11, 12.   NOTE:  It was when Adam and Eve fell that God promised to put enmity between the followers of Christ and Satan. "There exists naturally no enmity between sinful man and the originator of sin." — The Great Controversy, page 505.   "it is the grace that Christ implants in the soul which creates in man enmity against Satan. Without this converting grace and renewing power, man would continue the captive of Satan, a servant ever ready to do his bidding." — The Great Controversy, page 506.', NULL, NULL, '2025-12-01 17:24:41.855439+00', '2025-12-01 17:24:41.855439+00', NULL, NULL, NULL);
INSERT INTO public.lesson_day (id, lesson_id, day_index, date, title, body_md, memory_verse, audio_asset, created_at, updated_at, study_aim, study_help, introduction) VALUES (94, 21, 7, NULL, 'That Now It Is High Time To Awake Out Of Sleep', '1.  What urgent plea does the Apostle Paul make to those who know the present truth? Romans 13:11, 12; Ephesians 5:14 -16.  NOTE:  "We must be more decidedly in earnest. We must talk the truth in private and in public, presenting every argument, urging every motive of infinite weight, to draw men to the Saviour uplifted on the cruel cross. God desires every man to attain unto eternal life. Mark how all through the Word of God is manifest the spirit of urgency, of imploring men and women to come to Christ, to deny appetites and passions that corrupt the soul. With all our powers we must urge them to look unto Jesus and to accept His life of self -denial and sacrifice." — Testimonies, Vol. 6, page 65.  2.  What spirit should prevail among the believers who are anticipating the coming of the Lord? Of what is unity among the brethren an evidence? James 5:8, 9; John 13:35.   NOTE:  "The unity of the church is the convincing evidence that God has sent Jesus into the world as its Redeemer. This is an argument which worldlings cannot controvert. Therefore Satan is constantly working to prevent this union and harmony, that unbelievers, by witnessing backsliding, dissension, and strife among professed Christians, may become disgusted with religion, and be confirmed in their impenitence." — Testimonies, Vol. 5, page 620.   3.  What will be the joyous response of those who are ready and waiting for the  61 | P a g e   return of their Lord?  What token of triumph will they receive?  Isaiah 25:9; 1 Timothy 4:8.   NOTE:  "Jesus is coming, but not as at His first advent, a babe in Bethlehem, not as He rode into Jerusalem, when the disciples praised God with a loud voice and cried, Hosanna; but in the glory of the Father, and with all the retinue of holy angels with Him, to escort Him on His way to earth. All heaven will be emptied of the angels. The waiting saints will be looking for Him, and gazing into heaven, as were the ''men of Galilee'' when He ascended from the mount of Olivet. Then, those only who are holy, those who have followed fully the meek Pattern will with rapturous joy exclaim as they behold Him, ''Lo, this is our God; we have waited for Him, and He will save us.'' " — Sons and Daughters of God, page 360.', NULL, NULL, '2025-12-01 17:24:41.855439+00', '2025-12-01 17:24:41.855439+00', NULL, NULL, NULL);
INSERT INTO public.lesson_day (id, lesson_id, day_index, date, title, body_md, memory_verse, audio_asset, created_at, updated_at, study_aim, study_help, introduction) VALUES (84, 20, 4, NULL, 'Yield Yourselves Unto God', '1. When confronted with temptations and trials, what are we not to do? 1 Peter 4:12.   NOTE:  While Satan tempts all mankind to evil, his special attacks are made on those who are determined to live for God.   "Children should be so trained and educated that they will expect temptations, and calculate to meet difficulties and dangers. . . . If they do not willfully rush into danger and needlessly place themselves in the way of temptation; if they shun evil influences and vicious society, and then are unavoidably compelled to be in dangerous company, they will have strength of character to stand for the right and preserve 54 | P a g e   principle, and will come forth in the strength of God with their morals untainted." — Testimonies, Vol. 3, page 144.   2. When does temptation become sin? James 1:14, 15; Romans 6:13, 16.   NOTE:  "So long as the soul rests with unshaken confidence in the virtue and power of the atonement, it will stand firm as a rock to principle, and all the powers of Satan and his angels cannot sway it from its integrity. The truth as it is in Jesus is a wall of fire around the soul that clings to Him….. There is no sin in having temptations; but sin comes in when temptation is yielded to." — Testimonies, Vol. 4, pages 357, 358. (Emphasis Supplied.)   3. What is the result of successfully enduring trials? 1 Peter 1:6, 7; James 1:2 -4, 12.  NOTE:  The Greek word peirasmos  means both "trial" and "temptation." In James 1:2 and 1 Peter 1:6, the context indicates that trials, rather than temptations are intended.  "It is trial that leads us to see what we are. It is the reason of temptation that gives a glimpse of one''s real character and shows the necessity for the cultivation of good traits. Trusting in the blessing of God, the Christian is safe anywhere. In the city he will not be corrupted. In the counting room he will be marked for his habits of strict integrity. In the mechanic''s shop every portion of his work will be done with fidelity, with an eye single to the glory of God. When this course is pursued by its individual members, a church will be successful. Prosperity will never attend these churches until the individual members shall be closely connected with God, having an unselfish interest in the salvation of their fellow men. Ministers may preach pleasing and forcible discourses, and much labour may be put forth to build up and make the church prosperous; but unless its individual members shall act their part as servants of Jesus Christ, the church will ever be in darkness and without strength. Hard and dark as the world is, the influence of a really consistent example will be a power for good." —  Testimonies Vol.4, p. 285.', NULL, NULL, '2025-12-01 17:24:41.855439+00', '2025-12-01 17:24:41.855439+00', NULL, NULL, NULL);
INSERT INTO public.lesson_day (id, lesson_id, day_index, date, title, body_md, memory_verse, audio_asset, created_at, updated_at, study_aim, study_help, introduction) VALUES (85, 20, 5, NULL, 'Always Causeth Us To Triumph In Christ', '1. What assurance is given to all in the hour of temptation? 1 Corinthians. 10:13.   NOTE:  "It is not God''s purpose to coerce the will. Man was created a free moral agent. Like the inhabitants of all other worlds, he must be subjected to the test of obedience; but he is never brought into such a position that yielding to evil becomes a matter of necessity. No temptation or trial is permitted to come to him which he is unable to resist." — Patriarchs and Prophets, pages 331, 332.   2. For what assurance should we constantly thank God? 2 Corinthians 2:14; 55 | P a g e   John 10:28, 29.   NOTE:  "No man can be forced to transgress. His own consent must be first gained; the soul must purpose the sinful act before passion can dominate over reason, or iniquity triumph over conscience. Temptation, however strong, is never an excuse for sin… Cry unto the Lord, tempted soul. Cast yourself, helpless, unworthy, upon Jesus, and claim this very promise. The Lord will hear." — Testimonies, Vol. 5, page 177. 3.  Through whom alone may we hope to be victorious?  1 Corinthians. 15:57.   NOTE:  "Paul admonishes believers, ''Work out your own salvation with fear and trembling. For it is God which worketh in you both to will and to do of His good pleasure.'' Phil. 2:12, 13. The Christian will feel the promptings of sin, but he will maintain a constant warfare against it. Here is where Christ''s help is needed. Human weakness becomes united to divine strength, and faith exclaims, ''Thanks be unto God, which giveth us the victory through our Lord Jesus Christ." 1 Corinthians 15:57." — The Great Controversy, pages 469 -470.', NULL, NULL, '2025-12-01 17:24:41.855439+00', '2025-12-01 17:24:41.855439+00', NULL, NULL, NULL);
INSERT INTO public.lesson_day (id, lesson_id, day_index, date, title, body_md, memory_verse, audio_asset, created_at, updated_at, study_aim, study_help, introduction) VALUES (86, 20, 6, NULL, 'Fight The Good Fight Of Faith', '1.  By what means do we lay hold of the victory God has promised? 1 John 5:4, 5.  NOTE:  "As our will chooses to rise from the thraldom  of sin, the life -giving power of God comes into every moral fibre and enables us to accomplish what we by faith have willed. Were we to lie back and wait for the Lord to lift us up from sin, nothing would happen. Our faith must lay hold of His promises, and must desire, choose, and will to act upon them before that strength can aid us." — SDA Bible Commentary,  Vol. 7, page 674.   2.  Armed with a firm faith in the promises of God, how are we to relate ourselves to the attacks of Satan? 1 Peter 5:8, 9; Ephesians 6:10 -18; 1 Timothy 6:12.   NOTE:  "Every Christian must stand guard continually watching every avenue of the soul where Satan might find access. He must pray for divine help and at the same time resolutely resist every inclination to sin. By courage, by faith, by persevering toil, he can conquer. But let him remember that to gain the victory Christ must abide in him and he in Christ." — Testimonies, Vol. 5, page 47.', NULL, NULL, '2025-12-01 17:24:41.855439+00', '2025-12-01 17:24:41.855439+00', NULL, NULL, NULL);
INSERT INTO public.lesson_day (id, lesson_id, day_index, date, title, body_md, memory_verse, audio_asset, created_at, updated_at, study_aim, study_help, introduction) VALUES (87, 20, 7, NULL, 'We Are More Than Conquerors Through Him That Loved Us', '1.  If we would be kept from evil, what must we refuse to do?  Psalms 1:1.   NOTE:  "Those who would not fall a prey to Satan''s devices, must guard well 56 | P a g e   the avenues of the soul ; they must avoid reading, seeing, or hearing that which will suggest impure thoughts . The mind must not be left to dwell at random upon every subject that the enemy of souls may suggest.  The heart must be faithfully sentinelled, or evils without will awake evils within, and the soul will wander in darkness." — The Acts of the Apostles, page 518. (Emphasis supplied.)   2.  Recalling God''s gracious provisions for His children, what assurance does the Apostle Paul express? Romans 8:37 -39.  NOTE:  "The life that Christ lived in this world, men and women can live through His power and under His instruction. In their conflict with Satan they may have all the help that he had. They may be more than conquerors through Him that loved them and gave Himself for them.'' — Testimonies, Vol. 9, page 22.', NULL, NULL, '2025-12-01 17:24:41.855439+00', '2025-12-01 17:24:41.855439+00', NULL, NULL, NULL);
INSERT INTO public.lesson_day (id, lesson_id, day_index, date, title, body_md, memory_verse, audio_asset, created_at, updated_at, study_aim, study_help, introduction) VALUES (88, 21, 1, NULL, 'MEMORY VERSE:   "So Christ was once offered to bear the sins of many; and unto', '57 | P a g e   them that look for him shall he appear the second time without sin unto salvation." Hebrews 9:28.  STUDY HELPS:   The Great Controversy, pages 299 -316; Christ''s Object Lessons, pages 405 -421; SDA Bible Commentary.  STUDY AIM:   To alert our hearts to the reality of Christ''s imminent return.   INTRODUCTION   No promises in the Bible are more explicit than those which relate to the second coming of Jesus.  This is a cardinal teaching of the Seventh -day Adventist Church.  In fact, it is one of the great truths that brought this movement into existence.  As a people we have proclaimed throughout the whole world the prophetic truth, the manner, and the signs of the Master''s return.   "The Lord is coming. Let everyone show his faith by his works. Faith in Christ''s near advent is dying out of the churches, and selfishness is causing them to rob God to serve their own personal interests. When Christ is abiding in us, we shall be self -denying like Him." — Testimonies, Vol. 5, page 153.   In this lesson we are not so much concerned about the theology of the second advent as we are about the necessity of cultivating a living faith that will grasp the reality of God''s promises concerning it.', '"So Christ was once offered to bear the sins of many; and unto', NULL, '2025-12-01 17:24:41.855439+00', '2025-12-01 17:24:41.855439+00', NULL, NULL, NULL);
INSERT INTO public.lesson_day (id, lesson_id, day_index, date, title, body_md, memory_verse, audio_asset, created_at, updated_at, study_aim, study_help, introduction) VALUES (89, 21, 2, NULL, 'There Shall Come In The Last Days Scoffers', '1. What pointed question did Christ raise concerning faith in our day? Luke 18:8.   NOTE:  "Spiritual darkness has covered the earth and gross darkness the people. There are in many churches scepticism and infidelity in the interpretation of the Scriptures.  Many, very many, are questioning the verity and truth of the Scriptures. Human reasoning and the imaginings of the human heart are undermining the inspiration of the Word of God, and that which should be received as granted, is surrounded with a cloud of mysticism. Nothing stands out in clear and distinct lines, upon rock bottom. This is one of the marked signs of the last days." — Selected Messages, Book 1, page 15.   2. What attitude on the part of many is foretold as characteristic of the last days? What specific promise would be ridiculed? 2 Peter 3:3, 4.   NOTE:  "When these things [the signs of the end] are dwelt upon as they should be, scoffers will be developed who walk after their own lusts, saying, ''Where is the promise of His coming?…''But ye, brethren, are not in darkness, that that day should overtake you as a thief.'' Thank God, all will not be rocked to sleep in the cradle of carnal security. There will be faithful ones who will discern the signs of the times.  While a large number professing present truth will deny their faith by their works, there will be some who will endure unto the end." — Testimonies, Vol. 5, p. 10.  58 | P a g e', NULL, NULL, '2025-12-01 17:24:41.855439+00', '2025-12-01 17:24:41.855439+00', NULL, NULL, NULL);
INSERT INTO public.lesson_day (id, lesson_id, day_index, date, title, body_md, memory_verse, audio_asset, created_at, updated_at, study_aim, study_help, introduction) VALUES (90, 21, 3, NULL, 'My Lord Delayeth His Coming', '1.  What special danger confronts the professing people of God today? Luke 12:45.   NOTE:  "The evil servant says in his heart, ''My Lord delayeth His coming.'' He does not say that Christ will not come. He does not scoff at the idea of His second coming.  But in his heart and by his actions and words he declares that the Lord''s coming is delayed. He banishes from the minds of others the conviction that the Lord is coming quickly. His influence leads men to presumptuous, careless delay. They are confirmed in their worldliness and stupor." — The Desire of Ages, page 635.   2. What parallels between our day and the days of Noah and Lot indicate that we are in the last days? Luke 17:26 -30.  NOTE:  "As the sun arose for the last time upon the cities of the plain, the people thought to commence another day of godless riot. All were eagerly planning their business or their pleasure, and the messenger of God was derided for his fears and his warnings. Suddenly as the thunder peal from an unclouded sky, fell balls of fire on the doomed capital. "So shall also the coming of the Son of man be." The people will be eating and drinking, planting and building, marrying and giving in marriage, until the wrath of God shall be poured out without mixture of mercy. The world will be rocked to sleep in the cradle of carnal security. They have been taught by their ministers to believe that the second advent of Christ is to be spiritual or to take place in the distant future, and the warning of his soon coming is denounced as fanaticism or heresy… The multitudes are striving to forget God, and they eagerly accept fables, that they may pursue the path of self -indulgence undisturbed. The people are hurrying to and fro, the lovers of pleasure intent upon amusement, the money -makers seeking wealth, and all are saying, Where is the promise of his coming?" — Review & Herald, October 26, 1886.', NULL, NULL, '2025-12-01 17:24:41.855439+00', '2025-12-01 17:24:41.855439+00', NULL, NULL, NULL);
INSERT INTO public.lesson_day (id, lesson_id, day_index, date, title, body_md, memory_verse, audio_asset, created_at, updated_at, study_aim, study_help, introduction) VALUES (91, 21, 4, NULL, 'I Will Come Again, And Receive You Unto Myself', '1. By what specific promises did Jesus forever settle the question of His return? John 14:1 -3; Luke 21:27; Revelation 22:12.   NOTE:  "Long have we waited for our Saviour''s return. But none the less sure is the promise. Soon we shall be in our promised home. There Jesus will lead us beside the living stream flowing from the throne of God and will explain to us the dark providences through which on this earth He brought us in order to perfect our characters. There we shall behold with undimmed vision the beauties of Eden restored.  Casting at the feet of the Redeemer the crowns that He has placed on our heads and touching our golden harps, we shall fill all heaven with praise to Him that sitteth on the throne." — The Adventist Home, pages 544, 545.  59 | P a g e    Oh, what a prospect! Here is an experience awaiting us that should challenge our consecrated enthusiasm. Here is motivation to work untiringly for the salvation of our fellow men.   2. How specifically did the angels, at the time of Christ''s ascension, confirm the Master''s promise to return? Acts 1:10, 11.    NOTE:  "The disciples not only saw the Lord ascend, but they had the testimony of the angels that He had gone to occupy His Father''s throne in heaven.... The brightness of the heavenly escort, and the opening of the glorious gates of God to welcome Him, were not to be discerned by mortal eyes. Had the track of Christ to heaven been revealed to the disciples in all its inexpressible glory, they could not have endured the sight." — God''s Amazing Grace , p. 49.', NULL, NULL, '2025-12-01 17:24:41.855439+00', '2025-12-01 17:24:41.855439+00', NULL, NULL, NULL);
INSERT INTO public.lesson_day (id, lesson_id, day_index, date, title, body_md, memory_verse, audio_asset, created_at, updated_at, study_aim, study_help, introduction) VALUES (92, 21, 5, NULL, 'We, According To His Promise', '1. Cite the testimony of the apostles with regard to their faith in the second coming of Christ. Hebrews 9:28; Titus 2:11 -13. Compare 2 Peter 3:9 -13; 1 John 3:2.  NOTE:  "Through the visible ascension of Christ all their views and contemplation of heaven are changed.... They now looked upon it as their future home, where mansions were being prepared for them by their loving Redeemer. They had a gospel to preach --Christ in human form, a Man of sorrows; Christ in humiliation, taken by wicked hands and crucified; Christ resurrected, and ascended to heaven, into the presence of God, to be man''s Advocate; Christ to come again with power and great glory in the clouds of heaven." — God''s Amazing Grace , p. 49.    2.  What will be the manner of Christ''s return? Mark 13:36; Acts 1:9 -11; Revelation 1:7. Compare Matthew 24:27.   NOTE:   ''Christ will come in His own glory, in the glory of His Father, and the glory of the holy angels. Ten thousand times ten thousand, and thousands of thousands of angels, the beautiful and triumphant sons of God, possessing surpassing loveliness and glory, will escort Him on His way. Then shall He sit upon the throne of His glory, and before Him shall be gathered all nations. Then every eye shall see Him, and they also that pierced Him. In the place of a crown of thorns, He will wear a crown of glory, --a crown within a crown. In place of that old purple kingly robe, He will be clothed in raiment of whitest white, "so as no fuller on earth can white them." Mark 9:3.'' — The Desire of Ages,  p. 739.', NULL, NULL, '2025-12-01 17:24:41.855439+00', '2025-12-01 17:24:41.855439+00', NULL, NULL, NULL);


--
-- Data for Name: offline_pack; Type: TABLE DATA; Schema: public; Owner: -
--



--
-- Data for Name: project_contribution; Type: TABLE DATA; Schema: public; Owner: -
--



--
-- Data for Name: rag_document; Type: TABLE DATA; Schema: public; Owner: -
--



--
-- Data for Name: schema_migrations; Type: TABLE DATA; Schema: public; Owner: -
--

INSERT INTO public.schema_migrations (id, version, name, applied_at) VALUES (1, '001_initial_schema', '001_initial_schema.sql', '2025-12-01 16:52:31.266634+00');
INSERT INTO public.schema_migrations (id, version, name, applied_at) VALUES (2, '002_seed_data', '002_seed_data.sql', '2025-12-01 16:52:31.316006+00');
INSERT INTO public.schema_migrations (id, version, name, applied_at) VALUES (3, '003_add_lesson_day_fields', '003_add_lesson_day_fields.sql', '2025-12-01 16:52:31.326351+00');
INSERT INTO public.schema_migrations (id, version, name, applied_at) VALUES (4, '004_add_sermon_transcript', '004_add_sermon_transcript.sql', '2025-12-01 16:52:31.329793+00');
INSERT INTO public.schema_migrations (id, version, name, applied_at) VALUES (5, '005_update_devotionals', '005_update_devotionals.sql', '2025-12-01 16:52:31.331855+00');
INSERT INTO public.schema_migrations (id, version, name, applied_at) VALUES (6, '006_add_events', '006_add_events.sql', '2025-12-01 16:52:31.335438+00');
INSERT INTO public.schema_migrations (id, version, name, applied_at) VALUES (7, '007_add_causes', '007_add_causes.sql', '2025-12-01 16:52:31.340243+00');
INSERT INTO public.schema_migrations (id, version, name, applied_at) VALUES (8, '008_church_system', '008_church_system.sql', '2025-12-01 16:52:31.344302+00');
INSERT INTO public.schema_migrations (id, version, name, applied_at) VALUES (9, '009_seed_churches', '009_seed_churches.sql', '2025-12-01 16:52:31.360482+00');
INSERT INTO public.schema_migrations (id, version, name, applied_at) VALUES (10, '010_link_speakers_to_users', '010_link_speakers_to_users.sql', '2025-12-01 16:52:31.365528+00');
INSERT INTO public.schema_migrations (id, version, name, applied_at) VALUES (11, '011_cleanup_churches', '011_cleanup_churches.sql', '2025-12-01 16:52:31.370193+00');
INSERT INTO public.schema_migrations (id, version, name, applied_at) VALUES (12, '012_update_church_details', '012_update_church_details.sql', '2025-12-01 16:52:31.37357+00');
INSERT INTO public.schema_migrations (id, version, name, applied_at) VALUES (13, '013_seed_ebenezer_content', '013_seed_ebenezer_content.sql', '2025-12-01 16:52:31.375901+00');
INSERT INTO public.schema_migrations (id, version, name, applied_at) VALUES (14, '015_user_authentication', '015_user_authentication.sql', '2025-12-01 16:52:31.379257+00');


--
-- Data for Name: series; Type: TABLE DATA; Schema: public; Owner: -
--

INSERT INTO public.series (id, title, description, hero_image, created_at, updated_at) VALUES (1, 'The Gospel of Grace', 'A deep dive into God''s amazing grace and what it means for our daily lives.', NULL, '2025-12-01 16:52:31.316006+00', '2025-12-01 16:52:31.316006+00');
INSERT INTO public.series (id, title, description, hero_image, created_at, updated_at) VALUES (2, 'Prophecy Revealed', 'Understanding biblical prophecy and its relevance for today.', NULL, '2025-12-01 16:52:31.316006+00', '2025-12-01 16:52:31.316006+00');
INSERT INTO public.series (id, title, description, hero_image, created_at, updated_at) VALUES (3, 'Sabbath Rest', 'Exploring the beauty and significance of the Sabbath day.', NULL, '2025-12-01 16:52:31.316006+00', '2025-12-01 16:52:31.316006+00');
INSERT INTO public.series (id, title, description, hero_image, created_at, updated_at) VALUES (4, 'Family Foundations', 'Building strong Christian families in a changing world.', NULL, '2025-12-01 16:52:31.316006+00', '2025-12-01 16:52:31.316006+00');
INSERT INTO public.series (id, title, description, hero_image, created_at, updated_at) VALUES (5, 'Prayer Warriors', 'Developing a powerful prayer life and intimate relationship with God.', NULL, '2025-12-01 16:52:31.316006+00', '2025-12-01 16:52:31.316006+00');


--
-- Data for Name: sermon; Type: TABLE DATA; Schema: public; Owner: -
--

INSERT INTO public.sermon (id, title, description, scripture_refs, speaker_id, series_id, video_asset, audio_asset, thumbnail_asset, published_at, is_featured, view_count, created_at, updated_at, transcript) VALUES (1, 'The Power of Grace', 'Discover how God''s grace transforms our lives and empowers us to live victoriously.', '{"Ephesians 2:8-9","Romans 5:8","Titus 2:11-14"}', 1, 1, NULL, NULL, NULL, '2025-11-29 16:52:31.316006+00', true, 167, '2025-12-01 16:52:31.316006+00', '2025-12-01 16:52:31.316006+00', NULL);
INSERT INTO public.sermon (id, title, description, scripture_refs, speaker_id, series_id, video_asset, audio_asset, thumbnail_asset, published_at, is_featured, view_count, created_at, updated_at, transcript) VALUES (2, 'Understanding Daniel''s Prophecies', 'An in-depth look at the book of Daniel and its prophetic significance.', '{"Daniel 2","Daniel 7","Revelation 13"}', 2, 2, NULL, NULL, NULL, '2025-11-26 16:52:31.316006+00', true, 111, '2025-12-01 16:52:31.316006+00', '2025-12-01 16:52:31.316006+00', NULL);
INSERT INTO public.sermon (id, title, description, scripture_refs, speaker_id, series_id, video_asset, audio_asset, thumbnail_asset, published_at, is_featured, view_count, created_at, updated_at, transcript) VALUES (3, 'The Sabbath: A Gift from God', 'Why the Sabbath matters and how it enriches our relationship with God.', '{"Genesis 2:1-3","Exodus 20:8-11","Isaiah 58:13-14"}', 3, 3, NULL, NULL, NULL, '2025-11-24 16:52:31.316006+00', false, 1038, '2025-12-01 16:52:31.316006+00', '2025-12-01 16:52:31.316006+00', NULL);
INSERT INTO public.sermon (id, title, description, scripture_refs, speaker_id, series_id, video_asset, audio_asset, thumbnail_asset, published_at, is_featured, view_count, created_at, updated_at, transcript) VALUES (4, 'Raising Godly Children', 'Practical wisdom for nurturing faith in our children.', '{"Proverbs 22:6","Deuteronomy 6:6-9","Ephesians 6:4"}', 1, 4, NULL, NULL, NULL, '2025-11-21 16:52:31.316006+00', true, 683, '2025-12-01 16:52:31.316006+00', '2025-12-01 16:52:31.316006+00', NULL);
INSERT INTO public.sermon (id, title, description, scripture_refs, speaker_id, series_id, video_asset, audio_asset, thumbnail_asset, published_at, is_featured, view_count, created_at, updated_at, transcript) VALUES (5, 'The Secret of Effective Prayer', 'Learn the principles of prayer that moves mountains.', '{"Matthew 6:9-13","James 5:16","1 Thessalonians 5:17"}', 4, 5, NULL, NULL, NULL, '2025-11-17 16:52:31.316006+00', false, 405, '2025-12-01 16:52:31.316006+00', '2025-12-01 16:52:31.316006+00', NULL);


--
-- Data for Name: tag; Type: TABLE DATA; Schema: public; Owner: -
--

INSERT INTO public.tag (id, slug, name, created_at, updated_at) VALUES (1, 'faith', 'Faith', '2025-12-01 16:52:31.316006+00', '2025-12-01 16:52:31.316006+00');
INSERT INTO public.tag (id, slug, name, created_at, updated_at) VALUES (2, 'prayer', 'Prayer', '2025-12-01 16:52:31.316006+00', '2025-12-01 16:52:31.316006+00');
INSERT INTO public.tag (id, slug, name, created_at, updated_at) VALUES (3, 'worship', 'Worship', '2025-12-01 16:52:31.316006+00', '2025-12-01 16:52:31.316006+00');
INSERT INTO public.tag (id, slug, name, created_at, updated_at) VALUES (4, 'grace', 'Grace', '2025-12-01 16:52:31.316006+00', '2025-12-01 16:52:31.316006+00');
INSERT INTO public.tag (id, slug, name, created_at, updated_at) VALUES (5, 'salvation', 'Salvation', '2025-12-01 16:52:31.316006+00', '2025-12-01 16:52:31.316006+00');
INSERT INTO public.tag (id, slug, name, created_at, updated_at) VALUES (6, 'prophecy', 'Prophecy', '2025-12-01 16:52:31.316006+00', '2025-12-01 16:52:31.316006+00');
INSERT INTO public.tag (id, slug, name, created_at, updated_at) VALUES (7, 'sabbath', 'Sabbath', '2025-12-01 16:52:31.316006+00', '2025-12-01 16:52:31.316006+00');
INSERT INTO public.tag (id, slug, name, created_at, updated_at) VALUES (8, 'health', 'Health', '2025-12-01 16:52:31.316006+00', '2025-12-01 16:52:31.316006+00');
INSERT INTO public.tag (id, slug, name, created_at, updated_at) VALUES (9, 'family', 'Family', '2025-12-01 16:52:31.316006+00', '2025-12-01 16:52:31.316006+00');
INSERT INTO public.tag (id, slug, name, created_at, updated_at) VALUES (10, 'youth', 'Youth', '2025-12-01 16:52:31.316006+00', '2025-12-01 16:52:31.316006+00');


--
-- Data for Name: sermon_tag; Type: TABLE DATA; Schema: public; Owner: -
--

INSERT INTO public.sermon_tag (sermon_id, tag_id) VALUES (1, 4);
INSERT INTO public.sermon_tag (sermon_id, tag_id) VALUES (1, 5);
INSERT INTO public.sermon_tag (sermon_id, tag_id) VALUES (2, 6);
INSERT INTO public.sermon_tag (sermon_id, tag_id) VALUES (3, 7);
INSERT INTO public.sermon_tag (sermon_id, tag_id) VALUES (3, 3);
INSERT INTO public.sermon_tag (sermon_id, tag_id) VALUES (4, 9);
INSERT INTO public.sermon_tag (sermon_id, tag_id) VALUES (5, 2);


--
-- Name: admin_user_id_seq; Type: SEQUENCE SET; Schema: public; Owner: -
--

SELECT pg_catalog.setval('public.admin_user_id_seq', 3, true);


--
-- Name: app_user_id_seq; Type: SEQUENCE SET; Schema: public; Owner: -
--

SELECT pg_catalog.setval('public.app_user_id_seq', 10, true);


--
-- Name: audit_log_id_seq; Type: SEQUENCE SET; Schema: public; Owner: -
--

SELECT pg_catalog.setval('public.audit_log_id_seq', 1, false);


--
-- Name: cause_id_seq; Type: SEQUENCE SET; Schema: public; Owner: -
--

SELECT pg_catalog.setval('public.cause_id_seq', 1, false);


--
-- Name: church_announcement_id_seq; Type: SEQUENCE SET; Schema: public; Owner: -
--

SELECT pg_catalog.setval('public.church_announcement_id_seq', 4, true);


--
-- Name: church_devotional_id_seq; Type: SEQUENCE SET; Schema: public; Owner: -
--

SELECT pg_catalog.setval('public.church_devotional_id_seq', 1, false);


--
-- Name: church_event_id_seq; Type: SEQUENCE SET; Schema: public; Owner: -
--

SELECT pg_catalog.setval('public.church_event_id_seq', 4, true);


--
-- Name: church_id_seq; Type: SEQUENCE SET; Schema: public; Owner: -
--

SELECT pg_catalog.setval('public.church_id_seq', 11, true);


--
-- Name: church_invitation_id_seq; Type: SEQUENCE SET; Schema: public; Owner: -
--

SELECT pg_catalog.setval('public.church_invitation_id_seq', 7, true);


--
-- Name: church_member_id_seq; Type: SEQUENCE SET; Schema: public; Owner: -
--

SELECT pg_catalog.setval('public.church_member_id_seq', 7, true);


--
-- Name: church_project_id_seq; Type: SEQUENCE SET; Schema: public; Owner: -
--

SELECT pg_catalog.setval('public.church_project_id_seq', 3, true);


--
-- Name: devotional_id_seq; Type: SEQUENCE SET; Schema: public; Owner: -
--

SELECT pg_catalog.setval('public.devotional_id_seq', 3, true);


--
-- Name: event_id_seq; Type: SEQUENCE SET; Schema: public; Owner: -
--

SELECT pg_catalog.setval('public.event_id_seq', 1, true);


--
-- Name: event_registration_id_seq; Type: SEQUENCE SET; Schema: public; Owner: -
--

SELECT pg_catalog.setval('public.event_registration_id_seq', 1, false);


--
-- Name: feature_flag_id_seq; Type: SEQUENCE SET; Schema: public; Owner: -
--

SELECT pg_catalog.setval('public.feature_flag_id_seq', 4, true);


--
-- Name: lesson_day_id_seq; Type: SEQUENCE SET; Schema: public; Owner: -
--

SELECT pg_catalog.setval('public.lesson_day_id_seq', 94, true);


--
-- Name: lesson_id_seq; Type: SEQUENCE SET; Schema: public; Owner: -
--

SELECT pg_catalog.setval('public.lesson_id_seq', 21, true);


--
-- Name: project_contribution_id_seq; Type: SEQUENCE SET; Schema: public; Owner: -
--

SELECT pg_catalog.setval('public.project_contribution_id_seq', 1, false);


--
-- Name: quarterly_id_seq; Type: SEQUENCE SET; Schema: public; Owner: -
--

SELECT pg_catalog.setval('public.quarterly_id_seq', 4, true);


--
-- Name: rag_document_id_seq; Type: SEQUENCE SET; Schema: public; Owner: -
--

SELECT pg_catalog.setval('public.rag_document_id_seq', 1, false);


--
-- Name: schema_migrations_id_seq; Type: SEQUENCE SET; Schema: public; Owner: -
--

SELECT pg_catalog.setval('public.schema_migrations_id_seq', 14, true);


--
-- Name: series_id_seq; Type: SEQUENCE SET; Schema: public; Owner: -
--

SELECT pg_catalog.setval('public.series_id_seq', 5, true);


--
-- Name: sermon_id_seq; Type: SEQUENCE SET; Schema: public; Owner: -
--

SELECT pg_catalog.setval('public.sermon_id_seq', 5, true);


--
-- Name: speaker_id_seq; Type: SEQUENCE SET; Schema: public; Owner: -
--

SELECT pg_catalog.setval('public.speaker_id_seq', 12, true);


--
-- Name: tag_id_seq; Type: SEQUENCE SET; Schema: public; Owner: -
--

SELECT pg_catalog.setval('public.tag_id_seq', 10, true);


--
-- PostgreSQL database dump complete
--

\unrestrict aNUITZQLoj7ktYeKhPB6t9bXMZWnG8LeSXCNxBgR4M5vVo6742gsvLUUV5McyNW

